cluster_lat,cluster_lon,hhsize,con_norm_day,cons_pc
-17.09515,35.217213,79,112.43587759192825,1.4232389568598511
-17.092351,35.114643,70,88.63426223745863,1.266203746249409
-17.016698,35.079629,78,122.21582489967398,1.5668695499958203
-16.977243,35.205706,66,110.17018104330415,1.6692451673227902
-16.956385,35.168967,61,66.48332735427023,1.0898906123650858
-16.954723,35.215598,73,101.29863428447891,1.3876525244449165
-16.939071,35.24181,57,65.86838120419377,1.155585635161294
-16.914725,35.265168,74,287.24903173713545,3.881743672123452
-16.826165,35.269503,88,99.32042215649754,1.1286411608692903
-16.750418,35.257341,74,120.84037904421909,1.63297809519215
-16.738025,34.927118,65,76.45841918239839,1.1762833720368984
-16.737738,35.242437,68,107.10352584775958,1.5750518507023468
-16.648067,35.113616,63,66.76099768698508,1.05969837598389
-16.592197,35.129116,85,124.16580570916523,1.4607741848137086
-16.579039,35.102457,78,158.11647452338212,2.0271342887613093
-16.5564,35.033896,53,98.12851334281476,1.8514813838266935
-16.541381,34.933292,63,83.59047535485412,1.3268329421405416
-16.521567,35.042003,67,118.82999281398367,1.7735819822982637
-16.506757,35.151249,60,104.00016550182497,1.7333360916970828
-16.497695,34.947832,77,68.95923362119203,0.8955744626128834
-16.4966,34.943521,82,117.07989397283701,1.4278035850345978
-16.489865,34.827208,69,100.05116746187332,1.4500169197372945
-16.483227,35.240196,77,63.08631933967844,0.8193028485672524
-16.472382,35.132391,67,78.53128378392144,1.1721087131928574
-16.465764,34.828724,67,90.29746078359535,1.3477232952775426
-16.421608,35.189122,66,122.1293753023086,1.850445080338009
-16.4184,35.126675,55,81.57775436957286,1.4832318976285974
-16.392512,34.890469,81,119.82363738634501,1.4793041652635186
-16.386542,35.141033,53,183.9247518594645,3.4702783369710284
-16.368803,34.656367,79,102.61269991519126,1.2988949356353323
-16.349154,35.128115,74,127.2916066399606,1.720156846485954
-16.33911,35.274649,68,49.25943702578372,0.7244034856732899
-16.321642,34.76847,72,93.78224154277558,1.3025311325385498
-16.308801,35.149457,68,79.23321249052889,1.165194301331307
-16.307387,35.278111,71,104.9870329980623,1.4786906056065112
-16.269667,35.048295,61,115.35387179575162,1.8910470786188789
-16.26714,34.845016,56,217.00060321667178,3.8750107717262816
-16.237141,35.113096,76,105.82635674732431,1.3924520624647936
-16.226333,34.824941,61,107.08566345971802,1.7555026796675086
-16.215058,34.976689,77,158.32809989581295,2.0562090895560123
-16.207909,35.15497,61,97.49691162199365,1.5983100265900598
-16.196075,35.208329,73,96.07528770962027,1.3160998316386339
-16.181382,35.219897,67,88.77156437532396,1.3249487220197607
-16.177162,34.678861,95,96.62586297607518,1.0171143471165809
-16.17673,34.930358,62,96.45596339250508,1.5557413450404045
-16.153,35.198578,56,85.50041101715362,1.5267930538777432
-16.146878,34.855856,62,112.68266792443174,1.8174623858779313
-16.139062,35.151528,64,93.12495070276923,1.4550773547307692
-16.119842,35.561699,78,121.1385894918771,1.55305883963945
-16.119289,35.381973,77,119.07945828717405,1.5464864712620006
-16.113604,35.346823,85,115.77796485084369,1.3620937041275727
-16.108243,35.110525,57,98.94093692812825,1.7358059110197939
-16.099412,35.303969,69,111.76443637771811,1.6197744402567842
-16.097034,35.073377,52,113.69257222748556,2.1863956197593377
-16.096666,34.975852,73,71.62577673576226,0.9811750237775652
-16.094797,35.681098,65,78.61641839058699,1.2094833598551844
-16.091054,35.56195,62,97.9060897780318,1.5791304802908355
-16.084998,35.581694,64,81.9077720748782,1.2798089386699718
-16.081528,34.529636,78,136.62560016692782,1.7516102585503568
-16.054833,35.360422,66,93.73532780724771,1.4202322395037532
-16.051462,35.244837,50,99.3399369367861,1.986798738735722
-16.047835,35.472547,56,89.72866155639133,1.6022975277927023
-16.04697,34.910217,64,119.00124518677596,1.8593944560433744
-16.044566,35.695152,79,205.4632337035371,2.600800426627052
-16.043878,35.6054,56,81.19089564418422,1.4498374222175754
-16.041099,35.145198,54,137.31210633037875,2.542816783895903
-16.030033,34.802835,55,140.15864799794198,2.548339054508036
-16.029948,35.410465,67,74.529744206338,1.1123842418856418
-16.028134,35.635929,83,153.23148679302122,1.8461624914821833
-16.028061,34.805825,75,109.31838616893022,1.457578482252403
-16.022744,35.811397,59,109.50679250587875,1.8560473306081144
-16.022487,35.513886,65,328.0115037694119,5.0463308272217215
-16.020639,35.448207,74,219.84353432958886,2.9708585720214713
-16.009724,35.145672,53,89.4989517793348,1.688659467534619
-16.007173,35.1575,67,172.33669621879815,2.5721894958029576
-16.006285,34.799761,65,139.47474401408277,2.1457652925243504
-15.994161,35.075365,69,169.43988828571113,2.455650554865379
-15.978893,34.978723,43,68.59926705243335,1.5953317919170547
-15.97529,35.029295,51,106.44863740226019,2.087228184358043
-15.965693,35.392825,87,119.7191097504209,1.3760817212692058
-15.964919,34.950694,60,104.9712917039453,1.7495215283990884
-15.959665,35.03493,53,134.90497029720495,2.5453767980604707
-15.944962,35.298889,52,96.36829111241036,1.853236367546353
-15.940622,35.095487,35,70.86616320679417,2.024747520194119
-15.938183,35.467495,82,147.5796710888763,1.799752086449711
-15.93632,35.227798,70,130.5274448386667,1.8646777834095243
-15.929301,35.290814,55,77.1933553492087,1.4035155518037945
-15.916279,35.384048,60,67.77815393496783,1.1296358989161306
-15.915619,34.404055,76,117.94393556846369,1.5518938890587328
-15.909287,34.939594,64,108.86138651600818,1.7009591643126278
-15.908184,35.294892,57,89.04933338207618,1.5622690067030909
-15.902223,34.829097,59,123.80751948366614,2.09843253362146
-15.889826,35.766564,60,81.68729767047786,1.361454961174631
-15.877739,35.351154,59,73.65373778685975,1.2483684370654196
-15.875918,35.555916,80,84.50297565087624,1.056287195635953
-15.864042,35.171426,67,141.0119436725942,2.1046558757103613
-15.856066,35.112088,59,128.99630129919967,2.1863779881220284
-15.853133,35.080689,81,300.8764029060841,3.7145234926677047
-15.852817,35.043412,72,213.07894683735705,2.9594298171855145
-15.851081,35.249045,55,132.50790299463608,2.4092345999024745
-15.849466,35.286663,42,58.013896495454695,1.3812832498917784
-15.848941,34.988053,48,111.1479864432695,2.315583050901448
-15.84872,35.073285,64,230.43590278563812,3.6005609810255956
-15.848325,35.567227,77,132.7836201384416,1.7244625992005402
-15.847348,34.995895,65,172.32509883637212,2.651155366713417
-15.84688,35.05698,60,269.54494828398214,4.492415804733036
-15.836097,35.616962,64,77.39392724005663,1.2092801131258848
-15.836067,35.737044,71,109.02194727833451,1.5355203842018945
-15.835268,35.167445,49,73.567236266261,1.501372168699204
-15.834733,34.977652,70,190.35409838794635,2.719344262684948
-15.83043,35.09356,53,214.2563278386961,4.042572223371625
-15.830196,34.411347,72,149.40207134152,2.0750287686322224
-15.826831,34.982374,52,183.10474962067792,3.521245185013037
-15.826781,35.09758,58,218.56274054979647,3.768323112927525
-15.821831,35.007932,57,236.70781976149405,4.15276876774551
-15.816606,35.19103,54,125.01795151297857,2.315147250240344
-15.810874,35.027737,46,633.065472579249,13.762292882157587
-15.805679,35.546449,73,111.30931511241901,1.5247851385262878
-15.804976,34.994405,61,4882.200219839389,80.03606917769491
-15.804177,35.793425,66,99.16566267159894,1.5025100404787717
-15.803291,35.154915,59,89.68348376773889,1.5200590469108286
-15.80194,35.297593,67,84.50436245876858,1.2612591411756504
-15.798508,35.05054,79,885.5325797480388,11.209273161367578
-15.795731,35.125619,66,105.57727303921001,1.5996556521092427
-15.793053,35.483234,57,89.59279755283295,1.5718034658391746
-15.791752,35.157739,80,146.27887492785655,1.828485936598207
-15.790143,35.411892,71,112.36541060240437,1.5826114169352727
-15.779582,35.559395,74,76.93897805750417,1.0397159196960024
-15.779108,34.901791,51,116.5273458224532,2.2848499180873176
-15.776645,35.020422,55,266.6235438576812,4.847700797412386
-15.775837,34.910253,62,104.84017181282542,1.6909705131100874
-15.774542,35.052139,61,248.62978008867424,4.075898034240561
-15.773656,35.045773,67,243.68452619528318,3.637082480526615
-15.772282,34.516729,84,131.11199142764525,1.5608570408053006
-15.771462,35.034019,71,206.9405049984448,2.9146549999780955
-15.770367,35.014662,54,251.90355109398953,4.664880575814621
-15.767536,35.035977,77,294.4095348785985,3.8235004529688115
-15.766944,35.208484,66,88.58421460654587,1.3421850697961495
-15.766915,35.6721,67,87.10817136573654,1.3001219606826349
-15.766709,35.22348,42,81.39047044979955,1.9378683440428464
-15.766141,35.153758,55,93.97498993524819,1.708636180640876
-15.762883,34.974998,57,246.00746343362988,4.315920411116314
-15.761763,34.372752,61,75.68681148598898,1.2407674014096555
-15.760952,34.421717,70,145.23034769675064,2.0747192528107234
-15.759848,34.463784,53,68.07912178483382,1.2845117317893173
-15.753062,35.287326,62,77.57288712944239,1.2511755988619742
-15.752852,35.781488,64,71.12787162138505,1.1113729940841415
-15.752515,35.072778,83,246.46711932797763,2.9694833653973207
-15.749596,35.018954,70,250.92200383924765,3.584600054846395
-15.748746,35.021205,59,244.0616866155862,4.136638756196376
-15.744234,35.098483,57,418.87406270805104,7.348667766807913
-15.743748,34.383647,66,105.94816009843467,1.6052751530065859
-15.735286,34.52086,57,96.11253576615553,1.6861848380027287
-15.73134,35.566626,81,87.7793004437276,1.0836950672065138
-15.726059,35.710228,67,63.446505836155524,0.9469627736739631
-15.726054,34.517129,84,173.84123317941882,2.0695384902311766
-15.725627,35.341325,71,98.26033355103161,1.3839483598736846
-15.718961,35.070469,67,299.0034063471343,4.462737408166183
-15.718445,35.680575,67,88.75728071159386,1.3247355330088637
-15.713111,34.449287,58,97.61723167950979,1.6830557186122377
-15.705208,35.151067,78,219.55931212036757,2.814862975902148
-15.705021,35.183601,53,104.69326546830126,1.9753446314773824
-15.703406,35.005569,65,271.9753694005826,4.1842364523166555
-15.702464,34.889266,73,128.6792920548429,1.762730028148533
-15.699825,35.486854,80,79.27626142661268,0.9909532678326585
-15.698935,35.255373,78,120.76284174161331,1.5482415607899143
-15.69251,35.796372,79,80.01576703690014,1.0128578105936727
-15.69187,34.394455,65,152.93532741255157,2.352851190962332
-15.684889,35.583213,69,85.0513636759924,1.2326284590723537
-15.681641,35.073323,70,164.16747942773642,2.34524970611052
-15.678937,35.680682,68,65.90951126844774,0.9692575186536433
-15.671589,35.200021,80,136.85158166683496,1.710644770835437
-15.667329,35.3114,59,102.78630634016977,1.7421407854266062
-15.665454,34.923029,66,134.0958376203489,2.031755115459832
-15.66464,34.955245,57,134.09690135034467,2.3525772166727132
-15.664213,34.934739,44,91.02577156572016,2.068767535584549
-15.663807,34.621782,91,145.67100804314362,1.6007803081664134
-15.65929,35.6434,72,130.5058734208812,1.8125815752900165
-15.656258,34.568301,60,128.13340987282126,2.135556831213688
-15.647325,35.458836,78,160.55455660471168,2.0583917513424574
-15.635692,35.306659,60,125.90349449965453,2.0983915749942423
-15.634718,35.531409,65,75.74107743199991,1.165247345107691
-15.627924,35.672782,67,58.5344472019417,0.8736484657006224
-15.626989,34.488763,65,105.25906279653937,1.6193701968698364
-15.621626,35.443322,85,159.93471097037576,1.8815848349455973
-15.621164,35.013099,54,308.25098832393303,5.708351635628389
-15.619836,35.052294,47,204.4765315261003,4.3505645005553255
-15.615004,35.226737,71,118.85620967017026,1.674031122115074
-15.612678,35.195643,68,107.22402654242481,1.5768239197415412
-15.609782,35.04466,65,179.69560897668913,2.764547830410602
-15.607846,34.525082,72,243.36214936180818,3.3800298522473358
-15.598949,34.517429,67,112.58232995630459,1.6803332829299193
-15.596914,34.520456,59,118.80099577700585,2.013576199610269
-15.596167,34.510841,72,302.3855562599255,4.199799392498965
-15.595224,34.525479,76,94.09128246073442,1.2380431902728213
-15.583395,35.424766,55,97.26977771476787,1.7685414129957795
-15.582173,35.835835,68,73.44099755695817,1.080014669955267
-15.580107,34.486228,62,338.1937600480409,5.454738065290981
-15.57871,35.603459,71,102.37807732492266,1.4419447510552488
-15.578415,34.465043,64,79.81737273882078,1.2471464490440747
-15.575781,35.068538,53,105.33584233824111,1.9874687233630397
-15.574928,35.124925,49,64.82458604968105,1.3229507357077763
-15.572013,35.303079,80,125.10900865075286,1.5638626081344107
-15.569237,35.083289,74,120.08006673993586,1.6227036045937278
-15.568044,34.692717,65,175.10330594789272,2.693897014582965
-15.567784,34.519127,65,176.17537250722327,2.7103903462649734
-15.559279,34.885134,62,151.72259484580303,2.44713862654521
-15.558742,35.010733,57,93.13747176171863,1.6339907326617302
-15.556942,35.1832,64,90.52648272701427,1.414476292609598
-15.553168,35.64588,77,114.76537585800259,1.4904594267273064
-15.549261,35.225079,72,139.35336161914802,1.9354633558215002
-15.548224,34.626974,56,160.91215529498254,2.8734313445532598
-15.545205,35.823627,77,101.36506896742267,1.3164294671093855
-15.543872,34.726405,69,162.8843182668052,2.3606422937218143
-15.538003,35.626395,66,77.86679610525299,1.1797999409886817
-15.535664,34.4567,81,217.49938893715077,2.685177641199392
-15.526099,35.589777,57,83.77143697440955,1.4696743328843782
-15.525747,34.909696,57,121.49718685889728,2.131529594015742
-15.522797,34.457348,85,130.76255304047814,1.5383829769468016
-15.50833,35.782588,67,80.74952886330183,1.2052168487059975
-15.50056,34.501325,74,136.4875562330607,1.8444264355819013
-15.494491,34.674153,66,110.13011978200551,1.6686381785152349
-15.483505,34.505184,66,154.62838987493606,2.3428543920444858
-15.481217,34.800231,52,160.26939540061852,3.0821037577042025
-15.473915,35.311902,56,101.87844631011939,1.8192579698235605
-15.471926,35.227714,79,121.06506698916738,1.5324692023945237
-15.465583,35.635228,82,184.04085191089595,2.2444006330597066
-15.465189,34.607883,45,93.90992932806292,2.086887318401398
-15.464192,35.012816,71,131.41208125762418,1.8508743839101998
-15.463536,34.608811,84,140.97590954544629,1.6782846374457892
-15.455463,34.486459,70,131.58591328009945,1.879798761144278
-15.452825,34.947099,70,178.57892882138765,2.551127554591252
-15.451516,34.464556,73,126.45568754286751,1.732269692368048
-15.442607,35.295281,70,97.25784193609667,1.389397741944238
-15.432665,35.552417,72,115.66086741577026,1.6064009363301424
-15.431764,35.003062,67,115.6146885630934,1.7255923666133341
-15.429797,35.306298,77,342.13660011187727,4.443332468985419
-15.427582,34.825967,62,176.8685230043558,2.8527181129734807
-15.420275,35.394941,73,137.31132350308621,1.8809770342888523
-15.419415,35.140775,63,92.72565248366372,1.471835753708948
-15.413797,35.301432,66,258.2347437126495,3.912647632009841
-15.411713,35.321174,73,425.396815254064,5.827353633617315
-15.411171,35.327691,74,354.9404089185797,4.796492012413239
-15.410241,34.51808,62,119.1369577973052,1.9215638354404065
-15.409414,35.319507,61,325.58577364837896,5.337471699153753
-15.407636,35.318259,57,224.89771719842636,3.9455739859373047
-15.40761,35.335927,60,264.58915099012074,4.409819183168679
-15.403323,34.682855,77,128.31682809792233,1.6664523129600302
-15.403134,35.314459,69,681.3550631813044,9.874711060598615
-15.401425,35.336762,68,139.36266204505063,2.049450912427215
-15.400676,34.777934,71,182.28165755162595,2.5673472894595206
-15.399591,35.352221,57,157.45654494863413,2.7623955254146337
-15.399216,35.333275,74,350.8275664194044,4.740913059721681
-15.3991,35.339457,66,177.04199315571412,2.682454441753244
-15.397766,34.772403,68,128.0984479306017,1.8838007048617897
-15.397163,34.544338,88,176.12659928333366,2.0014386282197005
-15.395239,34.714624,73,121.21149886276581,1.6604314912707645
-15.39032,35.315213,51,530.1965472235481,10.396010729873492
-15.389976,35.363563,77,245.6004250718379,3.1896159100238686
-15.389475,35.35048,80,287.4864772802074,3.5935809660025924
-15.388462,35.344203,81,387.5520819871755,4.784593604779944
-15.388404,35.198928,80,140.80554066337982,1.7600692582922477
-15.38839,35.467089,57,84.512450347861,1.4826745675063335
-15.388311,35.349786,85,347.31142770764427,4.0860167965605205
-15.388281,35.3203,58,525.7581731068559,9.06479608804924
-15.385744,35.347682,78,619.929044136324,7.947808258158
-15.385096,35.299773,64,151.85491712781396,2.372733080122093
-15.383488,35.354055,63,221.83193156783625,3.5211417709180357
-15.37754,35.306335,68,174.80355272370264,2.570640481230921
-15.374401,35.365113,73,359.44725127872005,4.923934949023562
-15.369294,35.346946,72,183.22177742689433,2.5447469087068657
-15.364113,34.670693,90,223.72175543213308,2.4857972825792563
-15.363697,35.333184,50,643.534111551063,12.87068223102126
-15.361921,35.265958,51,109.87334367670668,2.1543792877785624
-15.35411,34.803532,62,96.25995716528207,1.552579954278743
-15.349341,34.850334,76,140.85915826526204,1.8534099771745005
-15.347351,34.925195,75,144.15461487968835,1.922061531729178
-15.338709,35.394991,70,184.154265382614,2.6307752197516288
-15.333546,34.911879,55,146.67071450379754,2.66674026370541
-15.332283,34.714505,56,109.49202442424337,1.9552147218614888
-15.331859,35.457338,63,113.93007804925375,1.808413937289742
-15.289466,35.201186,75,97.38646374276608,1.298486183236881
-15.282556,34.70229,72,130.5614597289609,1.8133536073466792
-15.276547,34.623749,79,134.01130062821622,1.6963455775723573
-15.268513,35.49244,67,116.30813607703604,1.7359423295080005
-15.256486,35.065353,57,115.95392214497497,2.0342793358767537
-15.253792,35.256139,79,148.94323448147048,1.8853573984996264
-15.241005,35.404114,62,131.21998359655535,2.116451348331538
-15.238564,34.984646,74,118.08855609708151,1.5957912986092095
-15.226151,34.905952,72,139.696100914511,1.9402236238126527
-15.22401,35.203621,75,112.55115671913538,1.5006820895884716
-15.215737,34.602905,78,235.27264328838933,3.016315939594735
-15.204413,35.502387,60,136.97357759146988,2.2828929598578314
-15.191919,34.967449,60,81.6021445624303,1.3600357427071716
-15.187795,34.828257,53,131.61743108064115,2.4833477562385124
-15.185392,34.628305,80,142.15263921856274,1.7769079902320342
-15.182804,35.418041,75,101.09379175742026,1.3479172234322703
-15.173661,35.031449,90,145.0616705969703,1.6117963399663364
-15.12574,35.513325,66,111.2157613822412,1.6850872936703212
-15.101544,35.145211,62,112.95512385151379,1.8218568363147385
-15.061635,35.098917,54,98.80425906270105,1.8297085011611305
-15.061575,35.300281,61,97.7922587321112,1.603151782493626
-15.055065,34.919847,76,155.00269571104067,2.03950915409264
-15.049572,34.64151,77,145.62360233000598,1.8912156146754024
-15.042153,35.22694,76,146.1371963179178,1.9228578462883923
-15.035595,35.513982,77,91.21259911807056,1.1845792093255916
-15.028036,35.152533,74,130.56422658079947,1.764381440281074
-15.00473,35.163219,73,107.66819120972205,1.4749067289003022
-14.999638,34.954637,52,144.88385659963157,2.7862280115313762
-14.992769,34.93994,54,121.95444612798622,2.258415669036782
-14.992631,34.928059,73,122.66023684888346,1.6802772171079925
-14.98695,34.77652,40,112.25924688727974,2.8064811721819938
-14.986768,35.462909,89,106.39154989602304,1.1954106729890228
-14.983696,34.743399,74,121.95286853702562,1.6480117369868328
-14.976762,34.943929,61,214.86333351391744,3.5223497297363515
-14.966727,35.676864,70,99.62872898736374,1.4232675569623392
-14.965719,35.616284,65,98.34295276550223,1.5129685040846497
-14.958294,35.520117,68,103.62418916997055,1.523885134852508
-14.948131,35.214956,63,118.495704273528,1.880884194817905
-14.944016,35.144464,77,92.75562432463988,1.2046184977225958
-14.931677,35.03003,66,92.90960038542715,1.4077212179610175
-14.924294,35.85383,74,90.6027945617364,1.2243620886721136
-14.918698,34.586335,65,133.5166604109449,2.0541024678606905
-14.914055,34.931088,85,127.60845454430867,1.5012759358153962
-14.903672,35.085979,69,147.70574547407656,2.140662977885168
-14.899499,35.145843,53,103.32467089343803,1.9495220923290193
-14.898374,34.879442,61,82.0970123665943,1.3458526617474476
-14.885393,34.740982,76,150.64940567035768,1.9822290219783905
-14.869095,35.227445,73,115.3701778793689,1.580413395607793
-14.863595,35.680037,74,120.84266883891725,1.6330090383637466
-14.863205,34.934255,76,115.68495323105272,1.5221704372506937
-14.860188,35.551947,72,88.9296135253076,1.2351335211848278
-14.846656,34.70755,72,188.83096296279558,2.622652263372161
-14.846312,35.23287,64,88.18504132150383,1.3778912706484974
-14.846169,35.50009,76,136.95715592394995,1.8020678411046047
-14.835844,35.565399,81,117.59403365204837,1.451778193235165
-14.812365,35.755902,74,124.48816981050638,1.6822725650068429
-14.810918,34.85051,80,125.86340419317551,1.573292552414694
-14.803485,35.049652,57,108.8484554425607,1.9096220253080824
-14.791922,35.433471,74,118.88470518043789,1.6065500700059174
-14.790572,34.845684,64,100.17388712874212,1.5652169863865957
-14.790041,35.6293,63,100.46827813518293,1.5947345735743321
-14.785029,35.057611,60,92.58371346179972,1.5430618910299954
-14.780085,34.657889,61,267.7558208769563,4.3894396865074805
-14.776339,35.539435,71,91.06659038898324,1.2826280336476512
-14.755818,35.232287,76,135.1528939885612,1.7783275524810684
-14.752119,35.681512,81,111.59427817267907,1.3777071379343095
-14.718437,34.69204,55,135.28603470805155,2.459746085600937
-14.717821,35.800871,77,93.63541338151089,1.2160443296300114
-14.698152,35.455542,77,106.0701629859553,1.3775345842331859
-14.687752,35.569097,75,95.92365436146248,1.278982058152833
-14.683761,34.915074,50,74.20205717781685,1.484041143556337
-14.677658,34.700061,62,72.66284395223006,1.171981354068227
-14.671041,34.774422,87,180.12884449964815,2.070446488501703
-14.663388,34.546576,73,170.3414596363346,2.333444652552529
-14.662478,35.026911,73,113.63887385612918,1.556696902138756
-14.659798,34.677474,53,93.40862005886575,1.7624267935635047
-14.646637,34.832473,69,115.39113338017911,1.6723352663794073
-14.641939,34.583085,78,112.3448239355968,1.4403182555845744
-14.616051,35.313813,49,75.91463929450993,1.549278352949182
-14.60574,35.734273,83,125.20242779829704,1.5084629855216511
-14.58168,34.637007,47,96.25487465659845,2.047976056523371
-14.575176,35.55658,70,143.19862778154155,2.0456946825934508
-14.544524,34.533248,70,107.17121404906939,1.5310173435581342
-14.531922,34.702913,73,133.3936994303516,1.8273109511007068
-14.503987,35.326367,65,96.7719862943672,1.4887997891441107
-14.481431,35.608492,55,80.66489717592358,1.4666344941077016
-14.47413,35.197807,77,120.41041926057369,1.5637716787087492
-14.465717,35.229392,63,200.2483703107392,3.178545560487924
-14.453137,35.262859,56,121.75251488290958,2.174152051480528
-14.421902,34.955581,73,85.05793415335066,1.1651771801828856
-14.415021,34.737562,69,107.84711787619604,1.5630017083506673
-14.414164,34.003808,52,74.94260095436256,1.4412038645069722
-14.41125,35.595181,66,124.33762028524309,1.8839033376551984
-14.410488,34.132618,66,143.61895610380407,2.1760447894515766
-14.402079,33.945271,70,119.93740397583798,1.7133914853691141
-14.393188,33.934806,69,120.22015403208218,1.7423210729287273
-14.386206,34.308217,52,130.7809895681808,2.515019030157323
-14.37646,34.469011,74,147.00977480929492,1.9866185785039854
-14.367123,34.192129,60,100.36546336914162,1.6727577228190271
-14.347362,34.137668,62,125.68643509228188,2.0272005660045465
-14.347177,35.46094,59,94.77837186533273,1.6064130824632665
-14.344464,34.009088,80,112.21443872838833,1.4026804841048541
-14.334623,34.798593,53,123.38616503099067,2.3280408496413334
-14.31495,33.981149,52,132.83479754729447,2.5545153374479708
-14.309332,33.77418,51,106.83026938776135,2.0947111644659087
-14.299366,34.095169,67,269.3246302461007,4.01977060068807
-14.298119,34.261228,76,183.36433873180056,2.4126886675236916
-14.297704,34.70574,80,129.81113836990235,1.6226392296237795
-14.272959,35.256432,72,98.85361756686885,1.3729669106509563
-14.265231,33.80856,74,185.17144052985793,2.502316763916999
-14.263875,34.51864,71,86.20272168777676,1.214122840672912
-14.260532,33.774799,58,137.06611235306005,2.363208833673449
-14.252291,33.724729,66,94.11236229878932,1.4259448833149897
-14.23632,33.797774,68,162.695763719861,2.392584760586191
-14.230789,34.513181,91,160.6260543002591,1.7651214758270233
-14.219633,35.025718,57,103.54058639815955,1.816501515757185
-14.213324,35.407836,62,93.93099225625254,1.5150160041331053
-14.200352,34.103045,57,115.48881192384708,2.0261195074359137
-14.193944,34.379958,69,145.092008884674,2.102782737459043
-14.185037,33.870781,79,171.49945337766323,2.1708791566792813
-14.167398,33.967162,82,178.50712296841297,2.176916133761134
-14.166801,34.19226,66,123.68207673166889,1.8739708595707407
-14.157104,33.551782,67,84.54485561792038,1.2618635166853787
-14.156098,33.857402,69,120.41599931717568,1.7451594103938504
-14.147413,34.072092,62,98.20042030683679,1.5838777468844643
-14.142451,33.763861,67,112.39572422159873,1.6775481227104287
-14.14077,34.056561,70,148.57349391111163,2.1224784844444518
-14.128157,33.377554,83,275.91760687639635,3.3243085165830886
-14.127521,33.662751,70,113.96528438876145,1.6280754912680206
-14.123186,33.59488,68,94.72677489288138,1.3930408072482556
-14.112681,34.870719,64,100.99515412598167,1.5780492832184636
-14.111488,34.512174,71,110.74510671469822,1.5597902354182849
-14.101096,33.807346,80,184.53909512310892,2.3067386890388617
-14.100373,34.916601,63,171.76121013457484,2.7263684148345213
-14.100208,34.235927,77,110.02190032461212,1.4288558483715859
-14.096687,33.960052,59,116.87807492968999,1.980984320842203
-14.095697,34.168091,75,96.62691914636645,1.2883589219515525
-14.087961,33.325564,68,125.49016785631483,1.8454436449458063
-14.082816,34.905699,73,2088.454653009246,28.60896784944173
-14.079133,34.532966,63,106.82817773689632,1.6956853609031162
-14.074178,35.196788,77,148.59287042838412,1.9297775380309625
-14.055466,34.244042,84,125.33285458388013,1.4920577926652396
-14.046295,33.798679,56,124.23432647266546,2.2184701155833118
-14.038697,34.511056,92,175.61521392276663,1.9088610208996373
-14.03793,33.805057,62,304.91156983963754,4.9179285458006055
-14.036065,33.682929,73,128.7017879449101,1.7630381910261659
-14.029786,33.712149,95,280.81893729525933,2.955988813634309
-14.027634,34.036002,72,128.82769979646412,1.7892736082842238
-14.02546,33.790943,75,391.62250698453033,5.2216334264604045
-14.023146,33.749996,86,718.7680931579678,8.357768525092649
-14.022649,33.81761,82,257.62412191247347,3.141757584298457
-14.020513,33.594596,73,197.06606039003876,2.6995350738361474
-14.018558,33.809094,68,486.0211475332191,7.147369816664987
-14.016298,33.806101,79,300.75666355323557,3.8070463740915894
-14.012712,33.737374,92,313.5115859394208,3.407734629776313
-14.012397,33.802123,62,411.5467554830616,6.63785089488809
-14.008755,33.728111,72,246.68955169583748,3.4262437735532982
-14.007835,33.70938,75,298.0313773571477,3.9737516980953025
-14.005091,34.196053,61,96.31203517366568,1.5788858225191094
-14.005029,33.794591,68,367.7097042923716,5.407495651358406
-14.004444,33.469742,59,105.51985409961341,1.7884721033832782
-14.003753,33.805576,75,428.56244548259434,5.714165939767924
-14.002539,33.846601,66,276.80690862771405,4.194044070116879
-14.001754,33.785388,70,260.1658954866241,3.716655649808916
-13.998383,33.808134,62,312.1694618687233,5.03499132046328
-13.996385,33.708036,63,155.96158215479397,2.4755806691237137
-13.989487,34.507137,65,97.75466332704917,1.503917897339218
-13.987618,33.471434,59,120.47434253011437,2.0419380089849892
-13.983474,33.798561,81,368.38662330823365,4.547983003805354
-13.982346,33.806385,50,303.21049309580945,6.064209861916189
-13.98172,33.97522,74,113.91569610936547,1.539401298775209
-13.981202,33.811192,82,295.05579252886025,3.598241372303174
-13.981185,33.794726,83,438.1126312889898,5.278465437216744
-13.97756,33.263427,86,202.38507761126834,2.353314855944981
-13.959151,33.741979,91,278.9172355437124,3.0650245664144222
-13.956877,33.740034,50,243.3828442517535,4.86765688503507
-13.956563,33.771997,60,726.0649904770005,12.101083174616674
-13.950627,34.08006,68,113.46325913597448,1.6685773402349189
-13.94947,33.081072,64,117.27290576132877,1.832389152520762
-13.947389,33.823267,68,254.6966482371151,3.7455389446634575
-13.946321,33.186604,67,114.68471361229354,1.7117121434670677
-13.943037,33.434141,66,99.90015202008672,1.513638666971011
-13.941496,33.820622,72,172.32691316544657,2.3934293495200913
-13.937334,33.768276,68,196.01706704346992,2.8826039271098516
-13.935473,33.443104,75,159.94599840491827,2.132613312065577
-13.930634,34.533073,71,104.08279764736905,1.4659548964418176
-13.920888,32.966397,77,173.51521595035894,2.2534443629916745
-13.920552,33.765325,65,201.14658077590389,3.094562781167752
-13.916922,33.1276,76,156.11894655470368,2.0541966651934693
-13.900288,33.77319,58,216.96016436802844,3.740692489103939
-13.899852,33.794876,77,236.42745419519355,3.0704864181193967
-13.89782,33.760477,66,484.65520124219796,7.343260624881787
-13.895495,34.491033,55,78.68749373738166,1.43068170431603
-13.893669,33.805097,73,425.5951397243468,5.830070407182832
-13.887295,33.74622,80,352.00470690277734,4.400058836284717
-13.885932,33.764391,69,364.6626902037562,5.284966524692119
-13.885676,34.475131,65,100.83398421062617,1.5512920647788642
-13.881585,34.356424,67,108.01735525919251,1.6121993322267538
-13.871693,33.228082,70,139.303371581247,1.9900481654463857
-13.870775,33.394422,71,149.38349078155312,2.103992827909199
-13.852853,33.513603,73,196.23304302582727,2.688123877066127
-13.851904,34.529105,69,116.0146844633463,1.6813722385992218
-13.846168,34.585541,63,99.52731037937558,1.579798577450406
-13.835717,33.897107,63,113.91927642519369,1.8082424829395822
-13.830846,34.42995,58,84.52173754428077,1.457271336970358
-13.825714,33.777982,65,148.2561421922481,2.280863726034586
-13.819115,33.174092,67,86.67651661677156,1.293679352489128
-13.811588,33.915943,59,100.98044831243843,1.7115330222447191
-13.804444,32.987776,60,117.17994686052954,1.952999114342159
-13.803408,32.901011,70,296.6690887694558,4.238129839563655
-13.80165,33.52983,65,132.3627807403685,2.036350472928746
-13.79991,33.116582,68,129.513933760819,1.9046166729532203
-13.787503,34.466146,66,171.8978354799499,2.6045126587871197
-13.785994,32.860543,62,164.87023452940696,2.659197331119467
-13.781343,34.442408,68,474.11848554005195,6.972330669706646
-13.780298,34.294294,79,133.4288707564912,1.6889730475505214
-13.779716,34.32197,61,67.40998866776427,1.1050817814387586
-13.776575,34.403131,66,91.56355362386451,1.387326570058553
-13.77625,34.010906,67,196.06826931977176,2.9263920793995783
-13.772572,33.014152,69,288.4502234203019,4.180438020584085
-13.764306,33.812489,72,183.39479638325915,2.5471499497674883
-13.76407,33.614923,62,126.22661616296013,2.035913163918712
-13.763297,33.932837,62,87.54740133646663,1.412054860265591
-13.750254,34.58358,75,156.3011931250806,2.084015908334408
-13.747769,34.455568,51,101.710224583064,1.9943181290796863
-13.73958,33.123693,70,88.98181646775467,1.2711688066822096
-13.736363,34.240636,62,130.41432281345018,2.103456819571777
-13.728265,33.301121,64,97.5554663077181,1.5243041610580954
-13.725164,35.039178,56,75.54816849527695,1.3490744374156598
-13.714481,33.687636,68,74.83298971558705,1.10048514287628
-13.713232,33.458309,58,108.37757259130628,1.8685788377811428
-13.707395,34.373415,74,118.7176186026916,1.6042921432796162
-13.70606,32.988531,68,142.06548935383532,2.0891983728505195
-13.700251,33.84987,55,127.97771666494997,2.326867575726363
-13.681329,34.128822,69,160.32960685526098,2.3236174906559564
-13.666854,33.204111,81,159.4377316213876,1.9683670570541678
-13.660567,34.240615,58,70.566276096259,1.2166599326941208
-13.656155,33.060158,80,273.97330897527587,3.4246663621909486
-13.649155,34.042664,70,130.6868048016187,1.8669543543088387
-13.645875,33.64561,59,150.01802770684213,2.5426784357091887
-13.639242,33.637618,64,107.74354554819031,1.6834928991904736
-13.637108,33.902552,56,129.50896743285676,2.3126601327295853
-13.629989,33.414507,76,370.34808810458384,4.8730011592708395
-13.628619,33.495548,86,137.49606656639688,1.5987914717022893
-13.605708,34.138884,53,82.92825170820674,1.5646839944944668
-13.599289,34.482196,78,125.58429473145574,1.610055060659689
-13.597231,34.861869,59,86.24282452745004,1.461742788600848
-13.592628,34.078702,66,99.0473457368296,1.5007173596489334
-13.59236,34.435331,59,110.52368973451337,1.8732828768561587
-13.579327,33.185907,68,91.36099870316852,1.3435440985760077
-13.577768,33.56351,64,168.96681869046694,2.640106542038546
-13.572201,32.859582,68,94.40773348059744,1.3883490217734917
-13.564182,33.359249,68,145.4210911760201,2.1385454584708836
-13.557205,32.897253,73,160.08321579451763,2.1929207643084605
-13.553265,33.192122,72,170.8309192677037,2.3726516564958846
-13.552698,34.315225,79,130.0130576786035,1.645734907324095
-13.54501,33.75642,79,133.5286367732928,1.6902359085226935
-13.543769,32.993232,53,170.78147681102828,3.2222920153024206
-13.536814,33.735148,57,285.67614012757343,5.011862107501289
-13.529607,33.912972,79,119.2695819701462,1.5097415439259014
-13.520882,34.376954,69,157.12287849228107,2.277143166554798
-13.514585,34.282768,62,113.75965266834334,1.8348331075539248
-13.510144,33.614385,74,203.27018929690993,2.7468944499582424
-13.505623,33.83564,71,90.63665726324311,1.2765726375104662
-13.488871,33.054046,88,156.2330463680124,1.7753755269092317
-13.48157,33.433947,73,126.22534056229942,1.7291142542780742
-13.47578,33.865843,78,132.71911039498517,1.7015270563459637
-13.472007,33.602711,81,208.29974026128633,2.571601731620819
-13.463495,33.749036,77,165.25162022769385,2.146124938021998
-13.445443,33.262719,64,120.21664573238608,1.8783850895685326
-13.444772,34.030135,69,167.77506868031304,2.4315227344972903
-13.423647,33.82757,66,117.54658914569038,1.781008926449854
-13.423027,34.097944,65,91.59503064178995,1.4091543175659993
-13.421973,33.524336,89,128.79618100122445,1.4471481011373535
-13.408561,33.964834,70,186.12515553893022,2.6589307934132886
-13.405444,33.38039,74,210.3890820344753,2.843095703168585
-13.397418,34.265175,92,134.9810334574377,1.4671851462764967
-13.395012,33.10138,60,122.69302269038138,2.0448837115063565
-13.375275,33.869728,69,109.40997059609178,1.585651747769446
-13.368588,33.956473,75,140.74601196941538,1.8766134929255385
-13.365946,33.737434,73,180.4907378978203,2.472475861613977
-13.362015,34.264738,74,121.6771352791132,1.644285611879908
-13.360181,33.496079,65,129.31751095409138,1.9895001685244826
-13.359734,33.346812,67,101.16927660026053,1.5099892029889632
-13.352253,33.922143,70,364.6002931987615,5.208575617125164
-13.345048,34.124701,86,85.98119350036026,0.999781319771631
-13.336095,33.755512,57,107.35959730902532,1.8835017071758828
-13.334414,33.993416,71,96.40414440346962,1.357804850753093
-13.328711,33.1627,76,165.20455032458665,2.1737440832182453
-13.319855,34.074362,64,101.33846457691183,1.5834135090142474
-13.31979,33.764741,86,96.70568211579545,1.1244846757650635
-13.308778,33.884552,73,122.36586852155608,1.6762447742678914
-13.305415,33.797999,69,171.83909776980124,2.4904217068087138
-13.29812,34.107571,85,133.58727998713545,1.5716150586721818
-13.272203,34.311688,73,83.68572345353274,1.146379773336065
-13.25146,34.257029,82,174.26112721655312,2.125135697762843
-13.242706,34.007169,56,108.26963731911935,1.9333863806985598
-13.242061,33.638782,59,108.40304799963536,1.8373397966039893
-13.241522,33.872457,69,123.98014971206916,1.7968137639430313
-13.230821,33.569775,71,121.34320741613695,1.7090592593822105
-13.226167,33.74038,78,121.14289315206001,1.5531140147700002
-13.222906,33.832923,80,144.73619806451194,1.8092024758063991
-13.217297,33.96869,61,131.46983063588223,2.1552431251783974
-13.217199,33.757794,84,198.59514430791495,2.364227908427559
-13.209255,34.326557,81,155.82872353164439,1.9238114016252392
-13.175196,33.80253,59,133.12539298526906,2.256362592970662
-13.147556,33.848971,79,119.45598707427405,1.5121011022060007
-13.114606,33.844348,57,177.22086809789434,3.109138036805164
-13.102273,34.285371,83,170.35107518255018,2.0524225925608457
-13.094518,33.478406,71,122.53397347107126,1.7258306122686093
-13.092839,33.373104,83,153.92266142213097,1.8544898966521803
-13.082668,33.753587,88,206.8015584259161,2.35001770938541
-13.052256,34.245021,75,151.13086176302113,2.0150781568402816
-13.045424,34.323395,78,122.00203247827294,1.5641286215163197
-13.039493,33.484268,66,174.5566794333895,2.6447981732331742
-13.036576,33.838871,64,108.86005958893287,1.700938431077076
-13.02936,33.759258,75,137.94482932447247,1.8392643909929662
-13.015882,33.461245,91,194.49140846748017,2.1372682249173645
-12.961161,34.269784,75,141.2047181261533,1.8827295750153772
-12.953096,34.270535,79,253.6137901996437,3.2103011417676415
-12.934259,33.523125,73,178.1408725942474,2.4402859259485945
-12.933083,33.60355,74,122.95447248350331,1.6615469254527475
-12.931315,34.286991,84,203.2948084692372,2.420176291300443
-12.915144,34.265595,69,143.83480178072898,2.084562344648246
-12.910544,33.939109,80,167.67248746935218,2.095906093366902
-12.903751,34.270026,71,126.9221175292454,1.787635458158386
-12.864382,33.65154,85,133.7153043782116,1.5731212279789601
-12.864215,33.448411,69,111.70185336420536,1.6188674400609473
-12.832109,34.249029,72,141.48131120098017,1.9650182111247245
-12.768201,34.200761,104,122.44675586741292,1.177372652571278
-12.75019,33.755312,65,90.87406819082618,1.398062587551172
-12.736754,33.335215,76,191.5115508146465,2.519888826508507
-12.690471,33.427711,79,122.07132990193838,1.5452067076194733
-12.68101,33.80395,72,109.33125517322514,1.5184896551836826
-12.677904,34.179679,96,221.4199682575171,2.30645800268247
-12.636775,33.502301,67,117.15921576357854,1.7486450113966947
-12.553069,33.310314,70,116.63603248947722,1.6662290355639602
-12.549529,33.519392,90,192.12598887300626,2.1347332097000695
-12.547721,34.12495,80,356.85795561177076,4.460724445147134
-12.524268,33.670876,54,83.48918565972126,1.5460960307355789
-12.497686,34.15169,71,299.99147106183324,4.225231986786383
-12.480156,34.125547,81,175.1739090120972,2.1626408520012
-12.474514,34.069092,56,180.77477429746313,3.2281209695975557
-12.435457,34.170292,53,174.36238786650563,3.289856374839729
-12.375627,33.719306,81,154.29157002711818,1.9048341978656567
-12.35673,33.55738,85,275.9240668428115,3.2461654922683705
-12.356494,34.016562,90,152.9621918171085,1.6995799090789834
-12.314757,33.431981,78,179.5667957901327,2.3021384075658036
-12.255721,33.575487,70,148.72138142570108,2.1245911632243013
-12.213252,34.00483,83,155.28874617510786,1.870948749097685
-12.164785,33.430374,70,122.55179607119453,1.7507399438742075
-12.095548,34.734085,68,137.3847347985643,2.02036374703771
-12.081014,34.73933,71,192.70738783976816,2.7141885611234953
-12.068157,34.049511,89,117.66957877358485,1.322130098579605
-12.062353,34.744459,81,202.57725683756968,2.500953788118144
-12.054302,34.742048,82,230.02812814841798,2.805221074980707
-12.05268,34.743996,69,263.3589686360434,3.81679664689918
-12.048716,34.735788,79,170.33721884106262,2.1561673271020587
-12.048123,34.726956,70,169.40515661606875,2.420073665943839
-12.032028,34.62685,77,167.56553754496196,2.1761758122722332
-12.026138,34.625649,72,169.88714546895824,2.3595436870688644
-12.024975,33.32538,67,133.6273022562742,1.9944373471085701
-12.023432,33.985497,63,99.13219745139604,1.573526943672953
-12.020478,34.623074,85,138.87175095042198,1.633785305299082
-12.018345,34.620035,94,188.63794600187444,2.006786659594409
-12.01483,34.614247,70,185.4328242750355,2.6490403467862214
-11.998786,33.528231,58,107.76836067601519,1.8580751840692273
-11.95341,33.367064,82,160.3571991797832,1.9555755997534539
-11.926179,34.136756,70,179.70369825835868,2.567195689405124
-11.906333,33.608928,67,277.03876874281514,4.13490699616142
-11.869863,34.132379,99,177.69433039989215,1.794892226261537
-11.855015,34.118278,88,181.28992797177236,2.0601128178610497
-11.843331,33.53769,58,113.30049869858495,1.9534568741135336
-11.77845,34.182041,94,151.78277526586925,1.6147103751688219
-11.766983,34.05228,71,107.6069494469352,1.5155908372807776
-11.759265,34.213486,94,158.0491468006121,1.6813739021341714
-11.744547,34.192356,95,164.56955862339152,1.7323111434041212
-11.709117,34.072019,105,224.07828064436822,2.134078863279697
-11.704716,33.676888,55,221.06483204150982,4.019360582572906
-11.687144,34.31454,95,139.75955697442103,1.471153231309695
-11.671303,34.026398,82,111.708476262146,1.3622984910017804
-11.652508,33.469931,65,164.7899218205602,2.535229566470157
-11.641962,33.431836,66,111.10237854722024,1.6833693719275793
-11.632151,34.235546,101,138.02219971676095,1.3665564328392172
-11.614042,34.284334,72,176.6237759803966,2.4531079997277305
-11.597419,34.289879,75,215.14986023936666,2.8686648031915554
-11.585584,34.239631,84,202.95301911042364,2.416107370362186
-11.569838,34.286378,89,190.7234902172013,2.1429605642382166
-11.520091,33.99345,90,140.47773287852667,1.5608636986502964
-11.506254,34.149293,88,188.52331740713151,2.14231042508104
-11.499307,33.394599,67,119.73874926583333,1.7871455114303483
-11.482671,34.030325,75,192.9664145486656,2.5728855273155413
-11.481095,34.032312,70,213.50593963593482,3.050084851941926
-11.471044,34.014915,72,230.44805938725588,3.200667491489665
-11.462884,33.866583,79,133.60220025755834,1.691167091867827
-11.459434,34.009584,72,479.3951214664669,6.658265575923151
-11.458178,34.013903,68,327.3164868210319,4.8134777473681165
-11.45481,34.03332,56,361.5762311686966,6.456718413726725
-11.454062,34.013881,59,267.431619369548,4.532739311348271
-11.453559,34.015381,58,257.8480471230279,4.445655984879791
-11.452838,34.01643,69,526.8533880781137,7.635556348958169
-11.451314,34.008785,57,255.0762954023119,4.475022726356349
-11.448798,34.022058,70,350.1722172298111,5.002460246140159
-11.444968,33.98243,83,283.62842268405353,3.417209911856067
-11.444414,34.024958,63,253.5149681512038,4.0240471135111715
-11.443987,33.818765,68,213.2184675495468,3.1355656992580414
-11.443483,34.002229,59,333.6046577583321,5.65431623319207
-11.441438,33.997204,61,250.12893792168032,4.100474392158694
-11.439132,34.004179,90,263.42409409753554,2.926934378861506
-11.438511,34.022644,71,289.32895033869386,4.075055638573153
-11.430612,34.025354,64,264.5996943905911,4.134370224852986
-11.429687,34.003117,84,249.5334253845391,2.9706360164826084
-11.428555,33.985418,71,171.00335413742786,2.4084979455975755
-11.425324,34.017434,62,372.6637322175061,6.010705358346873
-11.415627,34.018966,75,260.8086744791889,3.4774489930558516
-11.413241,34.216314,93,161.40923610316239,1.7355831839049718
-11.39583,33.986905,69,292.7094691457744,4.242166219503977
-11.381057,33.974639,71,197.83846603314964,2.7864572680725304
-11.375006,34.077967,62,122.48183279671635,1.9755134322051024
-11.350481,33.458365,63,137.7696208389636,2.1868193783962475
-11.330067,33.888153,68,185.2281818812059,2.7239438511942042
-11.291592,33.453704,67,148.10581697137422,2.210534581662302
-11.256585,34.199931,75,112.86036315483435,1.504804842064458
-11.240231,33.864865,72,169.927798376602,2.360108310786139
-11.196191,33.965921,72,109.98898069623893,1.5276247318922074
-11.158936,34.192383,89,111.47953399403347,1.2525790336408256
-11.058599,33.933521,53,105.38471562874524,1.9883908609197216
-11.025932,33.845638,57,139.15689822874373,2.441349091732346
-11.025597,33.841177,70,215.74816131276197,3.0821165901823138
-11.02323,33.537786,84,152.3075914361376,1.8131856123349717
-11.01095,33.854296,77,416.3135195813216,5.406669085471709
-10.998117,33.830001,71,134.20892403537854,1.890266535709557
-10.977621,33.65402,72,113.31061219059802,1.5737585026471947
-10.970504,33.738524,74,163.65740865999004,2.211586603513379
-10.961302,33.649999,60,108.69611943976574,1.8116019906627623
-10.960315,33.92762,73,125.57083209141979,1.7201483848139698
-10.959156,34.010848,71,113.00939059328307,1.5916815576518744
-10.94494,33.766007,54,92.75745795085473,1.7177307027936062
-10.916977,34.00885,78,154.6688241479688,1.9829336429226767
-10.903221,33.632296,75,117.24913208226538,1.5633217610968717
-10.895534,33.744985,84,142.92283106189944,1.7014622745464218
-10.891467,34.013325,66,158.24789739949986,2.397695415143937
-10.882429,34.050458,82,142.1801768346973,1.7339045955450891
-10.852595,33.531056,59,130.7971683304595,2.2169011581433815
-10.832742,34.187335,72,179.1859858230236,2.4886942475419946
-10.810424,34.032693,84,111.70174772728228,1.3297827110390747
-10.804108,34.059065,71,120.01953519149066,1.6904159886125445
-10.754226,33.537282,64,121.99148171703776,1.906116901828715
-10.716909,34.043547,75,226.41169404160328,3.018822587221377
-10.669118,34.075923,56,107.1812189200655,1.9139503378583125
-10.620806,34.109264,85,136.62795247839261,1.6073876762163837
-10.523532,34.197454,66,107.30199076939394,1.6257877389302111
-10.502489,34.176439,76,148.92511227832242,1.9595409510305581
-10.442679,34.101839,79,162.0899429288466,2.051771429479071
-10.403841,34.138224,68,83.41761196924986,1.2267295877830862
-10.399822,34.10239,71,88.9240438135644,1.2524513213178083
-10.363741,33.5863,67,93.5422380344361,1.3961528064841209
-10.32619,33.717783,75,72.88394561316238,0.9717859415088318
-10.300082,34.151984,73,135.40956505375573,1.8549255486815852
-10.282045,34.059226,64,77.26208221412571,1.2072200345957143
-10.216961,33.674528,69,106.7163269356695,1.5466134338502826
-10.20714,33.537028,53,102.00575511548492,1.9246368889714136
-10.184441,34.023583,72,112.30529543452418,1.559795769923947
-10.076443,33.560035,77,98.23937705552345,1.2758360656561487
-10.071092,33.996649,69,99.9475477862448,1.4485151853078957
-10.002974,33.478651,67,86.38714744243899,1.2893604095886415
-10.002351,33.932955,78,122.0960320320753,1.5653337440009654
-9.996945,33.836118,60,86.65573379552677,1.4442622299254462
-9.952077,33.91917,72,221.85798628825577,3.0813609206702193
-9.949785,33.908869,70,247.6889736728756,3.5384139096125082
-9.919753,33.91935,55,104.44108387286812,1.8989287976885112
-9.904199,33.900847,80,101.92743040997598,1.2740928801246998
-9.873128,33.896288,76,127.39311994319432,1.6762252624104517
-9.834715,33.411655,64,110.05523931764421,1.7196131143381908
-9.821687,33.400393,61,70.65356740703601,1.158255203394033
-9.81436,33.878212,68,138.9720236663631,2.0437062303876927
-9.792642,33.881055,71,105.47294593439412,1.4855344497801988
-9.776848,33.461158,62,108.81931954574803,1.7551503152540004
-9.776431,33.307894,70,102.4847248611338,1.4640674980161972
-9.759542,33.824057,65,120.02342386368571,1.8465142132874723
-9.757697,33.85199,71,103.20589401033315,1.4536041409906078
-9.748276,33.877764,74,175.28155343460134,2.3686696410081263
-9.715316,33.886667,61,86.29017513432083,1.414593034988866
-9.70895,33.263961,56,110.35241408578887,1.9705788229605155
-9.70643,33.572901,61,109.04540086359518,1.7876295223540193
-9.693834,33.384991,59,75.50087259679383,1.279675806725319
-9.692803,33.258806,65,134.3019641035311,2.0661840631312476
-9.686698,33.490198,72,99.59034220060674,1.3831991972306492
-9.678125,33.40707,68,85.77054531920288,1.261331548811807
-9.673118,33.238482,67,100.44378330010035,1.499160944777617
-9.667378,33.41101,66,85.19923776215941,1.2908975418509
-9.651637,33.813854,47,85.86661901718622,1.8269493407911963
-9.645417,33.802678,70,178.69685802289314,2.552812257469902
-9.624898,33.254616,79,109.039030022117,1.3802408863559115
-9.591378,33.05745,62,87.41579563486431,1.4099321876591018
-9.550397,33.291558,59,73.32525868035508,1.2428009945822895
-9.51923,33.139193,72,129.89676117432546,1.8041216829767426
-9.507538,33.259649,63,112.87865565027273,1.791724692861472
-9.429667,33.022118,56,85.94329292196488,1.5347016593208014
