cluster_lat,cluster_lon,cons_pc,nightlights,feat_index
-17.09515,35.217213,1.4232389568598511,0.025205849,0
-17.092351,35.114643,1.266203746249409,0.0,1
-17.016698,35.079629,1.5668695499958205,0.0,2
-16.977243,35.205706,1.6692451673227902,0.008265777,3
-16.956385,35.168967,1.0898906123650858,0.0022951383,4
-16.954723,35.215598,1.3876525244449165,0.10357858,5
-16.939071,35.24181,1.155585635161294,0.15222566,6
-16.914725,35.265168,3.881743672123452,0.1594745,7
-16.826165,35.269503,1.1286411608692903,0.0012319379,8
-16.750418,35.257341,1.63297809519215,0.013611712,9
-16.738025,34.927118,1.1762833720368984,0.0,10
-16.737738,35.242437,1.5750518507023468,0.0136117125,11
-16.648067,35.113616,1.05969837598389,0.0026144858,12
-16.592197,35.129116,1.4607741848137086,0.10854412,13
-16.579039,35.102457,2.0271342887613093,0.10445104,14
-16.5564,35.033896,1.8514813838266928,0.02473626,15
-16.541381,34.933292,1.3268329421405416,0.0033044233,16
-16.521567,35.042003,1.7735819822982637,0.022732794,17
-16.506757,35.151249,1.7333360916970828,0.010977042,18
-16.497695,34.947832,0.8955744626128834,0.008866809,19
-16.4966,34.943521,1.4278035850345978,0.009320767,20
-16.489865,34.827208,1.4500169197372943,0.050239913,21
-16.483227,35.240196,0.8193028485672524,0.0,22
-16.472382,35.132391,1.1721087131928574,0.0020246871,23
-16.465764,34.828724,1.3477232952775426,0.0813655,24
-16.421608,35.189122,1.850445080338009,0.034610964,25
-16.4184,35.126675,1.4832318976285974,0.010117254,26
-16.392512,34.890469,1.4793041652635186,0.048794698,27
-16.386542,35.141033,3.4702783369710284,0.028256554,28
-16.368803,34.656367,1.2988949356353323,0.0,29
-16.349154,35.128115,1.720156846485954,0.0076835905,30
-16.33911,35.274649,0.7244034856732899,0.001795089,31
-16.321642,34.76847,1.3025311325385498,0.0,32
-16.308801,35.149457,1.165194301331307,0.010493461,33
-16.307387,35.278111,1.4786906056065112,0.0,34
-16.269667,35.048295,1.8910470786188789,0.012991846,35
-16.26714,34.845016,3.8750107717262816,0.34160715,36
-16.237141,35.113096,1.3924520624647936,0.030735482,37
-16.226333,34.824941,1.7555026796675086,0.13705646,38
-16.215058,34.976689,2.0562090895560123,0.005853432,39
-16.207909,35.15497,1.5983100265900598,0.04441635,40
-16.196075,35.208329,1.316099831638634,0.0035472377,41
-16.181382,35.219897,1.3249487220197609,0.0031683703,42
-16.177162,34.678861,1.0171143471165809,0.0,43
-16.17673,34.930358,1.5557413450404045,0.022205168,44
-16.153,35.198578,1.5267930538777432,0.0030669242,45
-16.146878,34.855856,1.8174623858779315,0.041919526,46
-16.139062,35.151528,1.4550773547307692,0.057079013,47
-16.119842,35.561699,1.55305883963945,0.039309982,48
-16.119289,35.381973,1.5464864712620006,0.0077989413,49
-16.113604,35.346823,1.3620937041275727,0.0056935283,50
-16.108243,35.110525,1.735805911019794,0.17881487,51
-16.099412,35.303969,1.6197744402567842,0.0070936414,52
-16.097034,35.073377,2.1863956197593377,0.052171197,53
-16.096666,34.975852,0.9811750237775652,0.002217241,54
-16.094797,35.681098,1.2094833598551844,0.23172909,55
-16.091054,35.56195,1.5791304802908357,0.047477324,56
-16.084998,35.581694,1.2798089386699718,0.069387704,57
-16.081528,34.529636,1.7516102585503568,0.0026070308,58
-16.054833,35.360422,1.4202322395037532,0.030721882,59
-16.051462,35.244837,1.986798738735722,0.047491074,60
-16.047835,35.472547,1.6022975277927023,0.18865667,61
-16.04697,34.910217,1.8593944560433744,0.0009213015,62
-16.044566,35.695152,2.600800426627052,0.31911716,63
-16.043878,35.6054,1.4498374222175754,0.024502845,64
-16.041099,35.145198,2.542816783895903,0.19801092,65
-16.030033,34.802835,2.548339054508036,0.1963207,66
-16.029948,35.410465,1.1123842418856418,0.06284601,67
-16.028134,35.635929,1.846162491482184,0.02955311,68
-16.028061,34.805825,1.457578482252403,0.19547588,69
-16.022744,35.811397,1.8560473306081144,0.0055485736,70
-16.022487,35.513886,5.0463308272217215,0.21311691,71
-16.020639,35.448207,2.970858572021472,0.12972164,72
-16.009724,35.145672,1.688659467534619,0.05064415,73
-16.007173,35.1575,2.5721894958029576,0.058614,74
-16.006285,34.799761,2.1457652925243504,0.15686767,75
-15.994161,35.075365,2.455650554865379,0.0692825,76
-15.978893,34.978723,1.5953317919170549,0.0074470034,77
-15.97529,35.029295,2.087228184358043,0.0806899,78
-15.965693,35.392825,1.3760817212692058,0.054030474,79
-15.964919,34.950694,1.7495215283990884,0.009470536,80
-15.959665,35.03493,2.5453767980604707,0.12550202,81
-15.944962,35.298889,1.853236367546353,0.011923167,82
-15.940622,35.095487,2.024747520194119,0.34711128,83
-15.938183,35.467495,1.799752086449711,0.019457683,84
-15.93632,35.227798,1.8646777834095245,0.07992973,85
-15.929301,35.290814,1.4035155518037945,0.011788599,86
-15.916279,35.384048,1.1296358989161306,0.0375811,87
-15.915619,34.404055,1.5518938890587328,0.0,88
-15.909287,34.939594,1.7009591643126278,0.090049535,89
-15.908184,35.294892,1.5622690067030909,0.017349062,90
-15.902223,34.829097,2.09843253362146,0.0,91
-15.889826,35.766564,1.361454961174631,0.009586572,92
-15.877739,35.351154,1.2483684370654196,0.038040947,93
-15.875918,35.555916,1.056287195635953,0.00409388,94
-15.864042,35.171426,2.1046558757103613,0.10676285,95
-15.856066,35.112088,2.1863779881220284,1.7844073,96
-15.853133,35.080689,3.7145234926677047,3.506342,97
-15.852817,35.043412,2.9594298171855145,4.5867014,98
-15.851081,35.249045,2.4092345999024745,0.028137917,99
-15.849466,35.286663,1.3812832498917784,0.020256236,100
-15.848941,34.988053,2.315583050901448,2.4736736,101
-15.84872,35.073285,3.600560981025596,4.374809,102
-15.848325,35.567227,1.7244625992005402,0.0052923886,103
-15.847348,34.995895,2.651155366713417,2.9215708,104
-15.84688,35.05698,4.492415804733036,5.246833,105
-15.836097,35.616962,1.2092801131258848,0.057693284,106
-15.836067,35.737044,1.5355203842018943,0.007452815,107
-15.835268,35.167445,1.501372168699204,0.14453277,108
-15.834733,34.977652,2.719344262684948,2.8790581,109
-15.83043,35.09356,4.042572223371625,3.9149342,110
-15.830196,34.411347,2.0750287686322224,0.0,111
-15.826831,34.982374,3.521245185013037,4.417532,112
-15.826781,35.09758,3.768323112927525,3.7252958,113
-15.821831,35.007932,4.15276876774551,7.06683,114
-15.816606,35.19103,2.315147250240344,0.11316071,115
-15.810874,35.027737,13.762292882157588,9.763892,116
-15.805679,35.546449,1.5247851385262878,0.006689497,117
-15.804976,34.994405,80.03606917769491,7.797348,118
-15.804177,35.793425,1.5025100404787717,0.042687543,119
-15.803291,35.154915,1.5200590469108286,0.27706575,120
-15.80194,35.297593,1.2612591411756504,0.0102573875,121
-15.798508,35.05054,11.209273161367578,9.283787,122
-15.795731,35.125619,1.5996556521092429,1.524835,123
-15.793053,35.483234,1.5718034658391746,0.0068833292,124
-15.791752,35.157739,1.828485936598207,0.20111875,125
-15.790143,35.411892,1.5826114169352727,0.0,126
-15.779582,35.559395,1.0397159196960024,0.0059981155,127
-15.779108,34.901791,2.2848499180873176,0.0,128
-15.776645,35.020422,4.847700797412386,9.601425,129
-15.775837,34.910253,1.6909705131100874,0.0060699233,130
-15.774542,35.052139,4.075898034240561,8.488742,131
-15.773656,35.045773,3.637082480526615,9.228072,132
-15.772282,34.516729,1.5608570408053006,0.040955078,133
-15.771462,35.034019,2.9146549999780955,9.491213,134
-15.770367,35.014662,4.664880575814621,9.140166,135
-15.767536,35.035977,3.823500452968812,9.2365,136
-15.766944,35.208484,1.3421850697961497,0.059963647,137
-15.766915,35.6721,1.3001219606826349,0.09708903,138
-15.766709,35.22348,1.9378683440428464,0.022660982,139
-15.766141,35.153758,1.708636180640876,0.16665916,140
-15.762883,34.974998,4.315920411116314,4.6322303,141
-15.761763,34.372752,1.2407674014096557,0.003338521,142
-15.760952,34.421717,2.0747192528107234,0.0054862346,143
-15.759848,34.463784,1.284511731789317,0.040785607,144
-15.753062,35.287326,1.2511755988619742,0.011026985,145
-15.752852,35.781488,1.1113729940841417,0.043246064,146
-15.752515,35.072778,2.9694833653973207,3.8554745,147
-15.749596,35.018954,3.584600054846395,7.1144176,148
-15.748746,35.021205,4.136638756196376,6.599962,149
-15.744234,35.098483,7.348667766807913,1.8981164,150
-15.743748,34.383647,1.605275153006586,0.0036861135,151
-15.735286,34.52086,1.686184838002729,0.0024319743,152
-15.73134,35.566626,1.0836950672065138,0.002986808,153
-15.726059,35.710228,0.9469627736739632,0.06714214,154
-15.726054,34.517129,2.0695384902311766,0.0015174288,155
-15.725627,35.341325,1.3839483598736846,0.0101598,156
-15.718961,35.070469,4.462737408166183,1.824064,157
-15.718445,35.680575,1.3247355330088637,0.06783158,158
-15.713111,34.449287,1.6830557186122377,0.00017435549,159
-15.705208,35.151067,2.814862975902148,0.14518613,160
-15.705021,35.183601,1.9753446314773824,0.050401866,161
-15.703406,35.005569,4.184236452316656,2.2674286,162
-15.702464,34.889266,1.762730028148533,0.018800452,163
-15.699825,35.486854,0.9909532678326584,0.0147959,164
-15.698935,35.255373,1.5482415607899145,0.010664003,165
-15.69251,35.796372,1.0128578105936727,0.0,166
-15.69187,34.394455,2.352851190962332,0.003338521,167
-15.684889,35.583213,1.2326284590723535,0.0,168
-15.681641,35.073323,2.34524970611052,0.38123083,169
-15.678937,35.680682,0.9692575186536432,0.043987148,170
-15.671589,35.200021,1.710644770835437,0.048461236,171
-15.667329,35.3114,1.7421407854266062,0.014393153,172
-15.665454,34.923029,2.031755115459832,0.062407125,173
-15.66464,34.955245,2.352577216672713,0.21145599,174
-15.664213,34.934739,2.068767535584549,0.102320924,175
-15.663807,34.621782,1.6007803081664134,0.0008490378,176
-15.65929,35.6434,1.8125815752900163,0.0063155405,177
-15.656258,34.568301,2.135556831213688,0.027534423,178
-15.647325,35.458836,2.058391751342457,0.0059603923,179
-15.635692,35.306659,2.0983915749942423,0.008685194,180
-15.634718,35.531409,1.165247345107691,0.018442823,181
-15.627924,35.672782,0.8736484657006224,0.00661628,182
-15.626989,34.488763,1.6193701968698364,0.23898359,183
-15.621626,35.443322,1.8815848349455973,0.0,184
-15.621164,35.013099,5.708351635628389,0.4625869,185
-15.619836,35.052294,4.3505645005553255,0.472619,186
-15.615004,35.226737,1.674031122115074,0.016875431,187
-15.612678,35.195643,1.5768239197415412,0.039061017,188
-15.609782,35.04466,2.764547830410602,0.2745108,189
-15.607846,34.525082,3.380029852247336,0.24755159,190
-15.598949,34.517429,1.6803332829299191,0.26163518,191
-15.596914,34.520456,2.013576199610269,0.25801328,192
-15.596167,34.510841,4.199799392498965,0.27493155,193
-15.595224,34.525479,1.2380431902728213,0.24755159,194
-15.583395,35.424766,1.7685414129957795,0.0013972028,195
-15.582173,35.835835,1.080014669955267,0.007659194,196
-15.580107,34.486228,5.454738065290981,0.28129497,197
-15.57871,35.603459,1.4419447510552488,0.0015925356,198
-15.578415,34.465043,1.247146449044075,0.19442874,199
-15.575781,35.068538,1.98746872336304,0.052581787,200
-15.574928,35.124925,1.3229507357077763,0.0109581975,201
-15.572013,35.303079,1.5638626081344107,0.017587837,202
-15.569237,35.083289,1.6227036045937278,0.03232532,203
-15.568044,34.692717,2.693897014582965,0.008238748,204
-15.567784,34.519127,2.710390346264973,0.23152944,205
-15.559279,34.885134,2.44713862654521,0.00966281,206
-15.558742,35.010733,1.6339907326617302,0.09628552,207
-15.556942,35.1832,1.414476292609598,0.05462068,208
-15.553168,35.64588,1.4904594267273064,0.0017285587,209
-15.549261,35.225079,1.9354633558215,0.051371045,210
-15.548224,34.626974,2.87343134455326,0.0028722887,211
-15.545205,35.823627,1.3164294671093857,0.0076591936,212
-15.543872,34.726405,2.3606422937218143,0.0025394093,213
-15.538003,35.626395,1.1797999409886817,0.0013433769,214
-15.535664,34.4567,2.685177641199392,0.015481306,215
-15.526099,35.589777,1.4696743328843782,0.0047275247,216
-15.525747,34.909696,2.131529594015742,0.001765713,217
-15.522797,34.457348,1.5383829769468016,0.00087311346,218
-15.50833,35.782588,1.2052168487059975,0.0013226329,219
-15.50056,34.501325,1.844426435581901,0.0011232083,220
-15.494491,34.674153,1.6686381785152349,0.0032144643,221
-15.483505,34.505184,2.3428543920444858,0.0,222
-15.481217,34.800231,3.0821037577042025,0.10056561,223
-15.473915,35.311902,1.8192579698235605,0.027803205,224
-15.471926,35.227714,1.5324692023945237,0.07045529,225
-15.465583,35.635228,2.2444006330597066,0.0,226
-15.465189,34.607883,2.086887318401398,0.003485742,227
-15.464192,35.012816,1.8508743839102,0.05494228,228
-15.463536,34.608811,1.6782846374457892,0.0033272991,229
-15.455463,34.486459,1.879798761144278,0.0,230
-15.452825,34.947099,2.551127554591252,0.1254761,231
-15.451516,34.464556,1.732269692368048,0.0,232
-15.442607,35.295281,1.389397741944238,0.5320339,233
-15.432665,35.552417,1.6064009363301424,0.009799843,234
-15.431764,35.003062,1.725592366613334,0.0059789866,235
-15.429797,35.306298,4.443332468985419,0.9729356,236
-15.427582,34.825967,2.8527181129734807,0.97358865,237
-15.420275,35.394941,1.8809770342888523,0.4479659,238
-15.419415,35.140775,1.471835753708948,0.009320583,239
-15.413797,35.301432,3.912647632009841,1.1551986,240
-15.411713,35.321174,5.827353633617315,1.4332689,241
-15.411171,35.327691,4.796492012413239,1.6434203,242
-15.410241,34.51808,1.9215638354404063,0.0,243
-15.409414,35.319507,5.337471699153753,1.4279526,244
-15.407636,35.318259,3.9455739859373047,1.4279526,245
-15.40761,35.335927,4.409819183168679,1.6298244,246
-15.403323,34.682855,1.6664523129600302,0.029700566,247
-15.403134,35.314459,9.874711060598615,1.3375401,248
-15.401425,35.336762,2.049450912427215,1.6529293,249
-15.400676,34.777934,2.5673472894595206,0.12945634,250
-15.399591,35.352221,2.7623955254146337,1.5829835,251
-15.399216,35.333275,4.740913059721681,1.5715436,252
-15.3991,35.339457,2.682454441753244,1.6424313,253
-15.397766,34.772403,1.8838007048617893,0.063234344,254
-15.397163,34.544338,2.0014386282197005,0.0,255
-15.395239,34.714624,1.6604314912707645,0.0,256
-15.39032,35.315213,10.396010729873492,1.3871443,257
-15.389976,35.363563,3.189615910023869,1.4120023,258
-15.389475,35.35048,3.5935809660025924,1.638106,259
-15.388462,35.344203,4.784593604779944,1.6431124,260
-15.388404,35.198928,1.7600692582922477,0.017748147,261
-15.38839,35.467089,1.4826745675063335,0.013043386,262
-15.388311,35.349786,4.0860167965605205,1.5648983,263
-15.388281,35.3203,9.06479608804924,1.4346957,264
-15.385744,35.347682,7.947808258158,1.708655,265
-15.385096,35.299773,2.372733080122093,1.1100162,266
-15.383488,35.354055,3.521141770918036,1.5156509,267
-15.37754,35.306335,2.570640481230921,1.1889467,268
-15.374401,35.365113,4.923934949023562,1.2733878,269
-15.369294,35.346946,2.5447469087068657,1.516283,270
-15.364113,34.670693,2.4857972825792563,0.029979339,271
-15.363697,35.333184,12.87068223102126,1.4059067,272
-15.361921,35.265958,2.1543792877785624,0.117642134,273
-15.35411,34.803532,1.552579954278743,0.019537594,274
-15.349341,34.850334,1.8534099771745003,0.009408129,275
-15.347351,34.925195,1.922061531729178,0.0077955164,276
-15.338709,35.394991,2.6307752197516288,0.2893758,277
-15.333546,34.911879,2.66674026370541,0.007441174,278
-15.332283,34.714505,1.9552147218614888,0.0031582622,279
-15.331859,35.457338,1.808413937289742,0.00756826,280
-15.289466,35.201186,1.298486183236881,0.006496047,281
-15.282556,34.70229,1.8133536073466792,0.0031582622,282
-15.276547,34.623749,1.6963455775723573,0.0,283
-15.268513,35.49244,1.7359423295080003,0.015552996,284
-15.256486,35.065353,2.0342793358767537,0.0012633776,285
-15.253792,35.256139,1.8853573984996264,0.0,286
-15.241005,35.404114,2.116451348331538,0.12367588,287
-15.238564,34.984646,1.5957912986092095,0.0,288
-15.226151,34.905952,1.940223623812653,0.025322763,289
-15.22401,35.203621,1.5006820895884716,0.005202033,290
-15.215737,34.602905,3.016315939594735,0.0024255977,291
-15.204413,35.502387,2.282892959857832,0.031002032,292
-15.191919,34.967449,1.3600357427071716,0.0,293
-15.187795,34.828257,2.4833477562385124,0.0022254633,294
-15.185392,34.628305,1.7769079902320342,0.00175328,295
-15.182804,35.418041,1.3479172234322705,0.02216339,296
-15.173661,35.031449,1.6117963399663364,0.004584833,297
-15.12574,35.513325,1.6850872936703212,0.015167414,298
-15.101544,35.145211,1.8218568363147385,0.0013987463,299
-15.061635,35.098917,1.8297085011611305,0.002630259,300
-15.061575,35.300281,1.603151782493626,0.0039871936,301
-15.055065,34.919847,2.03950915409264,0.026218887,302
-15.049572,34.64151,1.8912156146754024,0.0011751646,303
-15.042153,35.22694,1.9228578462883923,0.46553585,304
-15.035595,35.513982,1.1845792093255916,0.06257845,305
-15.028036,35.152533,1.764381440281074,0.075995564,306
-15.00473,35.163219,1.4749067289003022,0.07581864,307
-14.999638,34.954637,2.786228011531376,0.63822824,308
-14.992769,34.93994,2.258415669036782,0.66282725,309
-14.992631,34.928059,1.6802772171079925,0.604979,310
-14.98695,34.77652,2.8064811721819938,0.0038531797,311
-14.986768,35.462909,1.1954106729890228,0.06515283,312
-14.983696,34.743399,1.6480117369868328,0.0038531795,313
-14.976762,34.943929,3.5223497297363515,0.69426507,314
-14.966727,35.676864,1.4232675569623392,0.0,315
-14.965719,35.616284,1.5129685040846497,0.0,316
-14.958294,35.520117,1.523885134852508,0.063532665,317
-14.948131,35.214956,1.880884194817905,0.008260177,318
-14.944016,35.144464,1.2046184977225958,0.00767871,319
-14.931677,35.03003,1.4077212179610177,0.013820628,320
-14.924294,35.85383,1.2243620886721136,0.0,321
-14.918698,34.586335,2.0541024678606905,0.024000878,322
-14.914055,34.931088,1.5012759358153962,0.00916908,323
-14.903672,35.085979,2.140662977885168,0.0071690567,324
-14.899499,35.145843,1.9495220923290195,0.01897089,325
-14.898374,34.879442,1.3458526617474476,0.014541128,326
-14.885393,34.740982,1.9822290219783905,0.021716097,327
-14.869095,35.227445,1.580413395607793,0.0032566367,328
-14.863595,35.680037,1.6330090383637466,0.010807945,329
-14.863205,34.934255,1.5221704372506937,0.0,330
-14.860188,35.551947,1.2351335211848278,0.11150905,331
-14.846656,34.70755,2.622652263372161,0.023375468,332
-14.846312,35.23287,1.3778912706484974,0.0025077008,333
-14.846169,35.50009,1.8020678411046047,0.10055427,334
-14.835844,35.565399,1.451778193235165,0.08761397,335
-14.812365,35.755902,1.6822725650068429,0.0,336
-14.810918,34.85051,1.573292552414694,0.0,337
-14.803485,35.049652,1.9096220253080824,0.00932324,338
-14.791922,35.433471,1.6065500700059174,0.0,339
-14.790572,34.845684,1.5652169863865957,0.0,340
-14.790041,35.6293,1.594734573574332,0.025256366,341
-14.785029,35.057611,1.5430618910299954,0.0,342
-14.780085,34.657889,4.3894396865074805,0.2641697,343
-14.776339,35.539435,1.2826280336476512,0.0064162062,344
-14.755818,35.232287,1.7783275524810684,0.0,345
-14.752119,35.681512,1.3777071379343095,0.024070295,346
-14.718437,34.69204,2.459746085600937,0.0,347
-14.717821,35.800871,1.2160443296300114,0.0171465,348
-14.698152,35.455542,1.377534584233186,0.0,349
-14.687752,35.569097,1.278982058152833,0.04678414,350
-14.683761,34.915074,1.484041143556337,0.0,351
-14.677658,34.700061,1.171981354068227,0.0,352
-14.671041,34.774422,2.070446488501703,0.0,353
-14.663388,34.546576,2.333444652552529,0.035771992,354
-14.662478,35.026911,1.556696902138756,0.0003622482,355
-14.659798,34.677474,1.7624267935635047,0.0,356
-14.646637,34.832473,1.672335266379407,0.0,357
-14.641939,34.583085,1.4403182555845744,0.020041116,358
-14.616051,35.313813,1.549278352949182,0.0,359
-14.60574,35.734273,1.5084629855216511,0.0,360
-14.58168,34.637007,2.047976056523371,0.0,361
-14.575176,35.55658,2.0456946825934508,0.0034394294,362
-14.544524,34.533248,1.5310173435581342,0.0,363
-14.531922,34.702913,1.8273109511007068,0.014166622,364
-14.503987,35.326367,1.4887997891441107,0.031646073,365
-14.481431,35.608492,1.4666344941077016,0.0155307995,366
-14.47413,35.197807,1.5637716787087492,0.031843834,367
-14.465717,35.229392,3.178545560487924,0.7856736,368
-14.453137,35.262859,2.174152051480528,0.85699993,369
-14.421902,34.955581,1.1651771801828856,0.0,370
-14.415021,34.737562,1.563001708350667,0.0,371
-14.414164,34.003808,1.4412038645069722,0.005573935,372
-14.41125,35.595181,1.8839033376551984,0.08709938,373
-14.410488,34.132618,2.1760447894515766,0.0,374
-14.402079,33.945271,1.713391485369114,0.0,375
-14.393188,33.934806,1.7423210729287273,0.0,376
-14.386206,34.308217,2.515019030157323,0.52051157,377
-14.37646,34.469011,1.9866185785039847,0.009504767,378
-14.367123,34.192129,1.6727577228190271,0.0,379
-14.347362,34.137668,2.0272005660045465,0.021939475,380
-14.347177,35.46094,1.6064130824632663,0.07672274,381
-14.344464,34.009088,1.402680484104854,0.0,382
-14.334623,34.798593,2.3280408496413334,0.0,383
-14.31495,33.981149,2.5545153374479708,0.014176852,384
-14.309332,33.77418,2.0947111644659087,0.004911579,385
-14.299366,34.095169,4.01977060068807,0.058333524,386
-14.298119,34.261228,2.412688667523692,0.0028242443,387
-14.297704,34.70574,1.6226392296237797,0.0,388
-14.272959,35.256432,1.3729669106509563,0.004100355,389
-14.265231,33.80856,2.502316763916999,0.06924848,390
-14.263875,34.51864,1.214122840672912,0.023488864,391
-14.260532,33.774799,2.363208833673449,0.071292594,392
-14.252291,33.724729,1.4259448833149897,0.0073375558,393
-14.23632,33.797774,2.392584760586191,0.08802251,394
-14.230789,34.513181,1.7651214758270233,0.016671218,395
-14.219633,35.025718,1.816501515757185,0.0121091,396
-14.213324,35.407836,1.515016004133105,0.027954021,397
-14.200352,34.103045,2.0261195074359137,0.025692083,398
-14.193944,34.379958,2.102782737459043,0.0,399
-14.185037,33.870781,2.1708791566792813,0.0,400
-14.167398,33.967162,2.176916133761134,0.0002597376,401
-14.166801,34.19226,1.8739708595707407,0.0,402
-14.157104,33.551782,1.2618635166853789,0.0,403
-14.156098,33.857402,1.7451594103938504,0.0005503555,404
-14.147413,34.072092,1.5838777468844645,0.0050616995,405
-14.142451,33.763861,1.6775481227104287,0.053468622,406
-14.14077,34.056561,2.122478484444452,0.008719456,407
-14.128157,33.377554,3.324308516583089,0.0,408
-14.127521,33.662751,1.6280754912680206,0.008880421,409
-14.123186,33.59488,1.3930408072482556,0.00025183213,410
-14.112681,34.870719,1.5780492832184636,0.07752042,411
-14.111488,34.512174,1.5597902354182849,0.014387423,412
-14.101096,33.807346,2.3067386890388617,0.16284433,413
-14.100373,34.916601,2.7263684148345213,0.13974133,414
-14.100208,34.235927,1.428855848371586,0.011472213,415
-14.096687,33.960052,1.980984320842203,0.018074201,416
-14.095697,34.168091,1.2883589219515523,0.000295444,417
-14.087961,33.325564,1.8454436449458065,0.0,418
-14.082816,34.905699,28.60896784944173,0.13585144,419
-14.079133,34.532966,1.6956853609031162,0.014387422,420
-14.074178,35.196788,1.9297775380309623,0.0,421
-14.055466,34.244042,1.4920577926652396,0.0040265606,422
-14.046295,33.798679,2.218470115583312,4.215158,423
-14.038697,34.511056,1.9088610208996373,0.021635765,424
-14.03793,33.805057,4.9179285458006055,4.9808817,425
-14.036065,33.682929,1.763038191026166,1.0564364,426
-14.029786,33.712149,2.955988813634309,1.6602165,427
-14.027634,34.036002,1.7892736082842238,0.0,428
-14.02546,33.790943,5.2216334264604045,6.227847,429
-14.023146,33.749996,8.357768525092649,4.333112,430
-14.022649,33.81761,3.141757584298457,5.765513,431
-14.020513,33.594596,2.6995350738361474,0.058549106,432
-14.018558,33.809094,7.147369816664987,6.330001,433
-14.016298,33.806101,3.807046374091589,6.489266,434
-14.012712,33.737374,3.407734629776313,3.9282706,435
-14.012397,33.802123,6.63785089488809,6.8772197,436
-14.008755,33.728111,3.4262437735532982,3.3970687,437
-14.007835,33.70938,3.973751698095304,2.1486936,438
-14.005091,34.196053,1.5788858225191094,0.0,439
-14.005029,33.794591,5.407495651358406,7.9253283,440
-14.004444,33.469742,1.7884721033832782,0.050098803,441
-14.003753,33.805576,5.714165939767924,7.378748,442
-14.002539,33.846601,4.194044070116879,3.54606,443
-14.001754,33.785388,3.716655649808916,8.249303,444
-13.998383,33.808134,5.03499132046328,7.716187,445
-13.996385,33.708036,2.4755806691237137,2.343012,446
-13.989487,34.507137,1.503917897339218,0.04437641,447
-13.987618,33.471434,2.041938008984989,0.047513843,448
-13.983474,33.798561,4.547983003805354,9.494189,449
-13.982346,33.806385,6.064209861916189,8.731783,450
-13.98172,33.97522,1.539401298775209,0.0031332534,451
-13.981202,33.811192,3.598241372303174,8.399532,452
-13.981185,33.794726,5.278465437216744,9.561286,453
-13.97756,33.263427,2.353314855944981,0.044730745,454
-13.959151,33.741979,3.0650245664144222,4.8577023,455
-13.956877,33.740034,4.86765688503507,4.799623,456
-13.956563,33.771997,12.101083174616674,7.84753,457
-13.950627,34.08006,1.6685773402349189,0.0,458
-13.94947,33.081072,1.832389152520762,0.0045838123,459
-13.947389,33.823267,3.7455389446634575,4.492579,460
-13.946321,33.186604,1.7117121434670677,0.009356721,461
-13.943037,33.434141,1.513638666971011,0.0,462
-13.941496,33.820622,2.393429349520092,4.5737267,463
-13.937334,33.768276,2.882603927109852,7.3707867,464
-13.935473,33.443104,2.132613312065577,0.0,465
-13.930634,34.533073,1.4659548964418176,0.0046851826,466
-13.920888,32.966397,2.2534443629916745,0.0,467
-13.920552,33.765325,3.094562781167752,6.5157413,468
-13.916922,33.1276,2.0541966651934693,0.009818965,469
-13.900288,33.77319,3.740692489103939,5.0520663,470
-13.899852,33.794876,3.0704864181193967,4.689167,471
-13.89782,33.760477,7.343260624881787,4.0004516,472
-13.895495,34.491033,1.43068170431603,0.007774679,473
-13.893669,33.805097,5.830070407182832,3.248893,474
-13.887295,33.74622,4.400058836284717,2.411075,475
-13.885932,33.764391,5.284966524692119,3.390183,476
-13.885676,34.475131,1.5512920647788642,0.007826327,477
-13.881585,34.356424,1.6121993322267538,0.0,478
-13.871693,33.228082,1.9900481654463853,0.0,479
-13.870775,33.394422,2.103992827909199,0.0031943813,480
-13.852853,33.513603,2.688123877066127,0.010699878,481
-13.851904,34.529105,1.6813722385992218,0.004846703,482
-13.846168,34.585541,1.579798577450406,0.03787669,483
-13.835717,33.897107,1.8082424829395825,0.019780263,484
-13.830846,34.42995,1.457271336970358,0.091695905,485
-13.825714,33.777982,2.280863726034586,0.3351877,486
-13.819115,33.174092,1.293679352489128,0.0070243482,487
-13.811588,33.915943,1.7115330222447191,0.008184375,488
-13.804444,32.987776,1.952999114342159,0.019001098,489
-13.803408,32.901011,4.238129839563655,0.3701415,490
-13.80165,33.52983,2.036350472928746,0.0,491
-13.79991,33.116582,1.9046166729532203,0.0,492
-13.787503,34.466146,2.60451265878712,0.4526642,493
-13.785994,32.860543,2.659197331119467,0.3769323,494
-13.781343,34.442408,6.972330669706646,0.482773,495
-13.780298,34.294294,1.6889730475505214,0.0042101718,496
-13.779716,34.32197,1.1050817814387586,0.0053933077,497
-13.776575,34.403131,1.387326570058553,0.25582722,498
-13.77625,34.010906,2.9263920793995783,0.0014583339,499
-13.772572,33.014152,4.180438020584085,0.025274508,500
-13.764306,33.812489,2.5471499497674883,0.49057972,501
-13.76407,33.614923,2.035913163918712,0.0,502
-13.763297,33.932837,1.412054860265591,0.0010961572,503
-13.750254,34.58358,2.084015908334408,0.15991257,504
-13.747769,34.455568,1.9943181290796863,0.4467179,505
-13.73958,33.123693,1.2711688066822096,0.01325741,506
-13.736363,34.240636,2.103456819571777,0.0,507
-13.728265,33.301121,1.5243041610580954,0.0,508
-13.725164,35.039178,1.3490744374156598,0.011860222,509
-13.714481,33.687636,1.10048514287628,0.0,510
-13.713232,33.458309,1.8685788377811428,0.0,511
-13.707395,34.373415,1.6042921432796162,0.008736295,512
-13.70606,32.988531,2.0891983728505195,0.0,513
-13.700251,33.84987,2.326867575726363,0.055892497,514
-13.681329,34.128822,2.3236174906559564,0.0079224855,515
-13.666854,33.204111,1.968367057054168,0.0,516
-13.660567,34.240615,1.2166599326941208,0.005018976,517
-13.656155,33.060158,3.424666362190949,0.017578311,518
-13.649155,34.042664,1.8669543543088387,0.0,519
-13.645875,33.64561,2.5426784357091887,0.0,520
-13.639242,33.637618,1.6834928991904736,0.0,521
-13.637108,33.902552,2.3126601327295853,0.07685871,522
-13.629989,33.414507,4.87300115927084,0.0,523
-13.628619,33.495548,1.5987914717022893,0.0,524
-13.605708,34.138884,1.5646839944944668,0.0,525
-13.599289,34.482196,1.610055060659689,0.0,526
-13.597231,34.861869,1.461742788600848,0.0015976758,527
-13.592628,34.078702,1.5007173596489334,0.0,528
-13.59236,34.435331,1.873282876856159,0.0,529
-13.579327,33.185907,1.3435440985760077,0.05703118,530
-13.577768,33.56351,2.640106542038546,0.0,531
-13.572201,32.859582,1.3883490217734915,0.00090789155,532
-13.564182,33.359249,2.138545458470884,0.00094928406,533
-13.557205,32.897253,2.1929207643084605,0.0,534
-13.553265,33.192122,2.3726516564958846,0.054696903,535
-13.552698,34.315225,1.645734907324095,0.13702165,536
-13.54501,33.75642,1.6902359085226937,0.34070107,537
-13.543769,32.993232,3.2222920153024206,0.046324182,538
-13.536814,33.735148,5.011862107501289,0.34480235,539
-13.529607,33.912972,1.5097415439259014,0.005903327,540
-13.520882,34.376954,2.277143166554798,0.00036864643,541
-13.514585,34.282768,1.8348331075539248,0.12627071,542
-13.510144,33.614385,2.7468944499582424,0.0033798364,543
-13.505623,33.83564,1.2765726375104662,0.0033331767,544
-13.488871,33.054046,1.7753755269092315,0.0,545
-13.48157,33.433947,1.7291142542780742,0.019133676,546
-13.47578,33.865843,1.7015270563459637,0.007613142,547
-13.472007,33.602711,2.571601731620819,0.014144395,548
-13.463495,33.749036,2.146124938021998,0.00070803246,549
-13.445443,33.262719,1.8783850895685328,0.007820286,550
-13.444772,34.030135,2.4315227344972903,0.0,551
-13.423647,33.82757,1.781008926449854,0.0050222897,552
-13.423027,34.097944,1.4091543175659993,0.0,553
-13.421973,33.524336,1.4471481011373537,0.0,554
-13.408561,33.964834,2.6589307934132886,0.008170333,555
-13.405444,33.38039,2.843095703168585,0.030204576,556
-13.397418,34.265175,1.4671851462764969,0.008107836,557
-13.395012,33.10138,2.0448837115063565,0.0,558
-13.375275,33.869728,1.585651747769446,0.025494577,559
-13.368588,33.956473,1.8766134929255385,0.121538006,560
-13.365946,33.737434,2.472475861613977,0.0,561
-13.362015,34.264738,1.644285611879908,0.0066448846,562
-13.360181,33.496079,1.9895001685244824,0.0,563
-13.359734,33.346812,1.5099892029889632,0.0014057785,564
-13.352253,33.922143,5.208575617125164,0.1286534,565
-13.345048,34.124701,0.999781319771631,0.012995706,566
-13.336095,33.755512,1.8835017071758828,0.0,567
-13.334414,33.993416,1.357804850753093,0.0,568
-13.328711,33.1627,2.1737440832182453,0.0,569
-13.319855,34.074362,1.5834135090142474,0.010057756,570
-13.31979,33.764741,1.1244846757650635,0.0030598505,571
-13.308778,33.884552,1.6762447742678914,0.044005875,572
-13.305415,33.797999,2.4904217068087138,0.0032055578,573
-13.29812,34.107571,1.5716150586721818,0.013614549,574
-13.272203,34.311688,1.146379773336065,0.0056421906,575
-13.25146,34.257029,2.125135697762843,0.005566118,576
-13.242706,34.007169,1.93338638069856,0.0,577
-13.242061,33.638782,1.8373397966039893,3.1539996e-05,578
-13.241522,33.872457,1.7968137639430313,0.0,579
-13.230821,33.569775,1.7090592593822105,0.04519301,580
-13.226167,33.74038,1.5531140147700002,0.0,581
-13.222906,33.832923,1.8092024758063991,0.0,582
-13.217297,33.96869,2.155243125178397,0.0,583
-13.217199,33.757794,2.364227908427559,0.0,584
-13.209255,34.326557,1.9238114016252392,0.01257975,585
-13.175196,33.80253,2.256362592970662,0.02297785,586
-13.147556,33.848971,1.5121011022060007,0.024191707,587
-13.114606,33.844348,3.109138036805164,0.024366578,588
-13.102273,34.285371,2.0524225925608457,0.006832829,589
-13.094518,33.478406,1.7258306122686091,0.123890854,590
-13.092839,33.373104,1.8544898966521803,0.0,591
-13.082668,33.753587,2.35001770938541,0.005458301,592
-13.052256,34.245021,2.0150781568402816,0.0,593
-13.045424,34.323395,1.5641286215163197,0.012387653,594
-13.039493,33.484268,2.6447981732331742,0.6184386,595
-13.036576,33.838871,1.700938431077076,0.0,596
-13.02936,33.759258,1.8392643909929665,0.006355661,597
-13.015882,33.461245,2.1372682249173645,0.5285879,598
-12.961161,34.269784,1.8827295750153767,0.2710094,599
-12.953096,34.270535,3.210301141767641,0.2734276,600
-12.934259,33.523125,2.4402859259485945,0.0028595563,601
-12.933083,33.60355,1.6615469254527475,0.0,602
-12.931315,34.286991,2.420176291300443,0.28728756,603
-12.915144,34.265595,2.084562344648246,0.28560203,604
-12.910544,33.939109,2.095906093366902,0.0,605
-12.903751,34.270026,1.787635458158386,0.26842165,606
-12.864382,33.65154,1.57312122797896,0.0,607
-12.864215,33.448411,1.6188674400609473,0.0038712984,608
-12.832109,34.249029,1.9650182111247243,0.0047913073,609
-12.768201,34.200761,1.177372652571278,0.0021167023,610
-12.75019,33.755312,1.398062587551172,0.0,611
-12.736754,33.335215,2.519888826508507,0.002927949,612
-12.690471,33.427711,1.545206707619473,0.0,613
-12.68101,33.80395,1.5184896551836826,0.0,614
-12.677904,34.179679,2.30645800268247,0.003783615,615
-12.636775,33.502301,1.7486450113966947,0.000615186,616
-12.553069,33.310314,1.6662290355639602,0.0,617
-12.549529,33.519392,2.134733209700069,0.045157555,618
-12.547721,34.12495,4.460724445147134,0.16108172,619
-12.524268,33.670876,1.5460960307355789,0.004823422,620
-12.497686,34.15169,4.225231986786383,0.32709512,621
-12.480156,34.125547,2.1626408520012,0.2948032,622
-12.474514,34.069092,3.228120969597556,0.078091964,623
-12.435457,34.170292,3.289856374839729,0.0033165559,624
-12.375627,33.719306,1.9048341978656569,0.0,625
-12.35673,33.55738,3.2461654922683705,0.085479096,626
-12.356494,34.016562,1.6995799090789834,0.0013838712,627
-12.314757,33.431981,2.302138407565804,0.0,628
-12.255721,33.575487,2.1245911632243013,0.0,629
-12.213252,34.00483,1.870948749097685,0.0056595583,630
-12.164785,33.430374,1.7507399438742075,0.025988525,631
-12.095548,34.734085,2.02036374703771,0.0,632
-12.081014,34.73933,2.714188561123496,0.0,633
-12.068157,34.049511,1.322130098579605,0.0063577737,634
-12.062353,34.744459,2.500953788118144,0.0,635
-12.054302,34.742048,2.805221074980707,0.0,636
-12.05268,34.743996,3.81679664689918,0.0,637
-12.048716,34.735788,2.1561673271020587,0.0,638
-12.048123,34.726956,2.420073665943839,0.0,639
-12.032028,34.62685,2.176175812272233,0.0,640
-12.026138,34.625649,2.3595436870688644,0.0,641
-12.024975,33.32538,1.99443734710857,0.009202904,642
-12.023432,33.985497,1.573526943672953,0.0,643
-12.020478,34.623074,1.633785305299082,0.0,644
-12.018345,34.620035,2.006786659594409,0.0,645
-12.01483,34.614247,2.6490403467862214,0.0,646
-11.998786,33.528231,1.858075184069228,0.0,647
-11.95341,33.367064,1.9555755997534536,0.0,648
-11.926179,34.136756,2.567195689405124,0.017510146,649
-11.906333,33.608928,4.13490699616142,0.38173315,650
-11.869863,34.132379,1.794892226261537,0.07338359,651
-11.855015,34.118278,2.0601128178610497,0.013127641,652
-11.843331,33.53769,1.9534568741135336,0.0,653
-11.77845,34.182041,1.614710375168822,0.0030714446,654
-11.766983,34.05228,1.5155908372807776,0.0,655
-11.759265,34.213486,1.6813739021341714,0.00036994825,656
-11.744547,34.192356,1.7323111434041212,0.0,657
-11.709117,34.072019,2.134078863279697,0.008239145,658
-11.704716,33.676888,4.019360582572906,0.0042577805,659
-11.687144,34.31454,1.471153231309695,0.0016050573,660
-11.671303,34.026398,1.3622984910017804,0.00048018212,661
-11.652508,33.469931,2.535229566470157,0.0,662
-11.641962,33.431836,1.6833693719275793,0.0,663
-11.632151,34.235546,1.3665564328392172,0.060352586,664
-11.614042,34.284334,2.4531079997277305,0.14721395,665
-11.597419,34.289879,2.868664803191556,0.15208974,666
-11.585584,34.239631,2.416107370362186,0.05503122,667
-11.569838,34.286378,2.142960564238217,0.11121504,668
-11.520091,33.99345,1.5608636986502964,0.10828899,669
-11.506254,34.149293,2.14231042508104,0.0063786744,670
-11.499307,33.394599,1.7871455114303485,0.004802747,671
-11.482671,34.030325,2.5728855273155413,1.503919,672
-11.481095,34.032312,3.050084851941926,1.5283773,673
-11.471044,34.014915,3.200667491489665,1.9263562,674
-11.462884,33.866583,1.691167091867827,0.0017053668,675
-11.459434,34.009584,6.658265575923151,2.0746572,676
-11.458178,34.013903,4.8134777473681165,2.0904872,677
-11.45481,34.03332,6.456718413726725,1.9224397,678
-11.454062,34.013881,4.532739311348271,2.129045,679
-11.453559,34.015381,4.445655984879791,2.129045,680
-11.452838,34.01643,7.635556348958169,2.1395106,681
-11.451314,34.008785,4.475022726356349,2.11196,682
-11.448798,34.022058,5.002460246140159,2.2534301,683
-11.444968,33.98243,3.417209911856067,1.7721901,684
-11.444414,34.024958,4.024047113511172,2.1800647,685
-11.443987,33.818765,3.1355656992580414,0.0,686
-11.443483,34.002229,5.65431623319207,2.2091866,687
-11.441438,33.997204,4.100474392158694,2.0931113,688
-11.439132,34.004179,2.926934378861506,2.1579485,689
-11.438511,34.022644,4.075055638573153,2.204917,690
-11.430612,34.025354,4.134370224852986,2.112922,691
-11.429687,34.003117,2.9706360164826084,1.9921199,692
-11.428555,33.985418,2.4084979455975755,1.8166549,693
-11.425324,34.017434,6.010705358346873,1.9513875,694
-11.415627,34.018966,3.477448993055852,1.6914015,695
-11.413241,34.216314,1.7355831839049718,0.0,696
-11.39583,33.986905,4.242166219503977,0.7072719,697
-11.381057,33.974639,2.7864572680725304,0.32256335,698
-11.375006,34.077967,1.9755134322051024,0.0036688738,699
-11.350481,33.458365,2.1868193783962475,0.0020188433,700
-11.330067,33.888153,2.723943851194204,0.10178376,701
-11.291592,33.453704,2.210534581662302,0.0,702
-11.256585,34.199931,1.504804842064458,0.0027257951,703
-11.240231,33.864865,2.360108310786139,0.007944087,704
-11.196191,33.965921,1.5276247318922074,0.0,705
-11.158936,34.192383,1.2525790336408256,0.0,706
-11.058599,33.933521,1.9883908609197216,0.011592045,707
-11.025932,33.845638,2.441349091732346,0.17772727,708
-11.025597,33.841177,3.0821165901823138,0.17772727,709
-11.02323,33.537786,1.813185612334972,0.00041687425,710
-11.01095,33.854296,5.406669085471709,0.18619047,711
-10.998117,33.830001,1.890266535709557,0.18148984,712
-10.977621,33.65402,1.5737585026471947,0.00049362413,713
-10.970504,33.738524,2.211586603513379,0.028431077,714
-10.961302,33.649999,1.8116019906627625,0.0,715
-10.960315,33.92762,1.7201483848139698,0.011055572,716
-10.959156,34.010848,1.5916815576518744,0.006386109,717
-10.94494,33.766007,1.7177307027936062,0.02379568,718
-10.916977,34.00885,1.9829336429226767,0.015974872,719
-10.903221,33.632296,1.5633217610968717,0.0,720
-10.895534,33.744985,1.7014622745464218,0.0002067381,721
-10.891467,34.013325,2.397695415143937,0.01660685,722
-10.882429,34.050458,1.7339045955450891,0.012089998,723
-10.852595,33.531056,2.216901158143381,0.004167911,724
-10.832742,34.187335,2.488694247541994,0.0,725
-10.810424,34.032693,1.3297827110390747,0.0,726
-10.804108,34.059065,1.6904159886125445,0.0,727
-10.754226,33.537282,1.906116901828715,0.0,728
-10.716909,34.043547,3.018822587221377,0.0,729
-10.669118,34.075923,1.9139503378583125,0.0021091339,730
-10.620806,34.109264,1.6073876762163837,0.009093163,731
-10.523532,34.197454,1.6257877389302111,0.004586192,732
-10.502489,34.176439,1.959540951030558,0.008056839,733
-10.442679,34.101839,2.051771429479071,0.006273629,734
-10.403841,34.138224,1.2267295877830862,0.00021914147,735
-10.399822,34.10239,1.2524513213178083,0.0028174033,736
-10.363741,33.5863,1.3961528064841209,0.0,737
-10.32619,33.717783,0.9717859415088318,0.0,738
-10.300082,34.151984,1.8549255486815848,0.004494451,739
-10.282045,34.059226,1.2072200345957145,0.0,740
-10.216961,33.674528,1.5466134338502826,0.0,741
-10.20714,33.537028,1.9246368889714136,0.0,742
-10.184441,34.023583,1.559795769923947,0.0014381846,743
-10.076443,33.560035,1.2758360656561487,0.0,744
-10.071092,33.996649,1.4485151853078957,0.003922942,745
-10.002974,33.478651,1.2893604095886415,0.0,746
-10.002351,33.932955,1.5653337440009654,0.062317837,747
-9.996945,33.836118,1.4442622299254462,0.00031513572,748
-9.952077,33.91917,3.08136092067022,0.4295288,749
-9.949785,33.908869,3.538413909612508,0.38831565,750
-9.919753,33.91935,1.8989287976885112,0.39432922,751
-9.904199,33.900847,1.2740928801246998,0.24619716,752
-9.873128,33.896288,1.6762252624104517,0.004175279,753
-9.834715,33.411655,1.7196131143381908,0.00080718263,754
-9.821687,33.400393,1.158255203394033,0.00028328763,755
-9.81436,33.878212,2.0437062303876927,0.0013259709,756
-9.792642,33.881055,1.4855344497801988,0.0048540947,757
-9.776848,33.461158,1.7551503152540004,0.0015551663,758
-9.776431,33.307894,1.4640674980161972,0.0,759
-9.759542,33.824057,1.8465142132874723,0.003515202,760
-9.757697,33.85199,1.4536041409906078,0.00856703,761
-9.748276,33.877764,2.3686696410081263,0.008974983,762
-9.715316,33.886667,1.414593034988866,0.0042642895,763
-9.70895,33.263961,1.970578822960516,0.11575934,764
-9.70643,33.572901,1.7876295223540193,0.0,765
-9.693834,33.384991,1.279675806725319,0.0043878555,766
-9.692803,33.258806,2.066184063131248,0.11049756,767
-9.686698,33.490198,1.3831991972306492,0.0,768
-9.678125,33.40707,1.261331548811807,0.0,769
-9.673118,33.238482,1.499160944777617,0.09402608,770
-9.667378,33.41101,1.2908975418509,0.0,771
-9.651637,33.813854,1.8269493407911963,0.0,772
-9.645417,33.802678,2.552812257469902,0.0019149034,773
-9.624898,33.254616,1.3802408863559117,0.0,774
-9.591378,33.05745,1.4099321876591018,0.0,775
-9.550397,33.291558,1.2428009945822895,0.0,776
-9.51923,33.139193,1.8041216829767424,0.0035574157,777
-9.507538,33.259649,1.791724692861472,0.0,778
-9.429667,33.022118,1.5347016593208014,0.00044785178,779
