cluster_lat,cluster_lon,cons_pc,nightlights,feat_index,predicted,predicted_log,LogInverse
-17.09515,35.217213,1.4232389568598511,0.025205849,0,1.777157004648815,0.49403511397020794,1.6389161086347979
-17.092351,35.114643,1.266203746249409,0.0,1,1.3198163166917358,0.2560083998042324,1.2917635784553063
-17.016698,35.079629,1.5668695499958205,0.0,2,1.082285331259665,0.36862352065318815,1.44574320874556
-16.977243,35.205706,1.6692451673227902,0.008265777,3,2.1797387803515673,0.5797287918519227,1.785554108253947
-16.956385,35.168967,1.0898906123650858,0.0022951383,4,1.792112823177297,0.535162383391245,1.7077255260026925
-16.954723,35.215598,1.3876525244449165,0.10357858,5,2.458204880902772,0.6556457160602153,1.92638601424778
-16.939071,35.24181,1.155585635161294,0.15222566,6,2.8022647882007,0.733365052235376,2.082075124167999
-16.914725,35.265168,3.881743672123452,0.1594745,7,2.251438086534465,0.6561242819551427,1.9273081375254408
-16.826165,35.269503,1.1286411608692903,0.0012319379,8,1.863572967514229,0.44421342855193063,1.5592632414065515
-16.750418,35.257341,1.63297809519215,0.013611712,9,1.6343866874649726,0.3736263422461551,1.4529941264889588
-16.738025,34.927118,1.1762833720368984,0.0,10,2.1145166186795685,0.5064203876591357,1.6593407545222034
-16.737738,35.242437,1.5750518507023468,0.0136117125,11,1.740253234281923,0.39450235164190156,1.4836456733417867
-16.648067,35.113616,1.05969837598389,0.0026144858,12,2.108215627580365,0.5502666081697516,1.7337151788874197
-16.592197,35.129116,1.4607741848137086,0.10854412,13,2.0313560485680937,0.652156163710254,1.9196755045517433
-16.579039,35.102457,2.0271342887613093,0.10445104,14,1.9431902296215828,0.643701298173799,1.90351332708475
-16.5564,35.033896,1.8514813838266928,0.02473626,15,2.4485501643697303,0.6754504859661452,1.9649179445805718
-16.541381,34.933292,1.3268329421405416,0.0033044233,16,1.9607237110012865,0.4618470529325571,1.5870025572752688
-16.521567,35.042003,1.7735819822982637,0.022732794,17,1.9691362863753854,0.5748823927548828,1.776921535778231
-16.506757,35.151249,1.7333360916970828,0.010977042,18,1.838655462776626,0.4877313492523365,1.6286172619509507
-16.497695,34.947832,0.8955744626128834,0.008866809,19,1.635190459743209,0.3932606445377021,1.4818045632653718
-16.4966,34.943521,1.4278035850345978,0.009320767,20,1.3666256024900822,0.36403726637981887,1.439127844243592
-16.489865,34.827208,1.4500169197372943,0.050239913,21,2.264961350121013,0.5840322368323617,1.7932546997700238
-16.483227,35.240196,0.8193028485672524,0.0,22,1.8597639359803373,0.5220792222956898,1.6855285974531558
-16.472382,35.132391,1.1721087131928574,0.0020246871,23,1.6409879167093087,0.4942269992759075,1.6392306227276705
-16.465764,34.828724,1.3477232952775426,0.0813655,24,2.000206390319277,0.48443146700976797,1.6232518742109032
-16.421608,35.189122,1.850445080338009,0.034610964,25,1.8459790970990482,0.384189970775038,1.4684243729029656
-16.4184,35.126675,1.4832318976285974,0.010117254,26,1.4398846836174277,0.3523363310829465,1.4223868361833762
-16.392512,34.890469,1.4793041652635186,0.048794698,27,2.743259890260246,0.6830671081651631,1.9799411225236747
-16.386542,35.141033,3.4702783369710284,0.028256554,28,1.507005344492308,0.3879753257794139,1.4739934142007973
-16.368803,34.656367,1.2988949356353323,0.0,29,1.9210879580638924,0.44740483300348655,1.5642474301069715
-16.349154,35.128115,1.720156846485954,0.0076835905,30,2.018519879266201,0.4806582178410025,1.6171384813563312
-16.33911,35.274649,0.7244034856732899,0.001795089,31,1.7168465800875645,0.46284468474358914,1.588586591520694
-16.321642,34.76847,1.3025311325385498,0.0,32,1.6397289634243626,0.4861491262192615,1.6260424636967323
-16.308801,35.149457,1.165194301331307,0.010493461,33,2.145557031186131,0.5917091693639087,1.8070743735916623
-16.307387,35.278111,1.4786906056065112,0.0,34,1.6006025376577466,0.25997617118031113,1.2968991827207914
-16.269667,35.048295,1.8910470786188789,0.012991846,35,1.8857249914477179,0.49211959317694387,1.6357797356031747
-16.26714,34.845016,3.8750107717262816,0.34160715,36,2.4317143818321916,0.6752164779424881,1.9644581918107284
-16.237141,35.113096,1.3924520624647936,0.030735482,37,1.776515909927612,0.5447155515927278,1.7241178900320904
-16.226333,34.824941,1.7555026796675086,0.13705646,38,2.259922800626029,0.6994570374804981,2.0126596120085622
-16.215058,34.976689,2.0562090895560123,0.005853432,39,2.2658030085826986,0.6059643095488506,1.8330189545851228
-16.207909,35.15497,1.5983100265900598,0.04441635,40,1.738800623398042,0.4945123843467676,1.6396985014347172
-16.196075,35.208329,1.316099831638634,0.0035472377,41,1.7869485945557606,0.4952978514905869,1.640986936678897
-16.181382,35.219897,1.3249487220197609,0.0031683703,42,2.0879310255808496,0.5304828488000146,1.6997528341240093
-16.177162,34.678861,1.0171143471165809,0.0,43,1.4849725126198152,0.3825322143615766,1.4659920995964613
-16.17673,34.930358,1.5557413450404045,0.022205168,44,1.9741561285309919,0.6056504258696056,1.832443690139315
-16.153,35.198578,1.5267930538777432,0.0030669242,45,2.2154101006663742,0.6228965587898271,1.8643203419926615
-16.146878,34.855856,1.8174623858779315,0.041919526,46,1.84124232540164,0.7012846025859063,2.016341241668764
-16.139062,35.151528,1.4550773547307692,0.057079013,47,2.0200162137391158,0.6255711680405864,1.8693133446147672
-16.119842,35.561699,1.55305883963945,0.039309982,48,1.8283618844757814,0.6737705377938448,1.9616197554399488
-16.119289,35.381973,1.5464864712620006,0.0077989413,49,1.1391766458331918,0.3144928205602183,1.3695645198140947
-16.113604,35.346823,1.3620937041275727,0.0056935283,50,1.5394083878154974,0.44683533589063174,1.5633568493273964
-16.108243,35.110525,1.735805911019794,0.17881487,51,1.7951997971137494,0.8492920149327849,2.33799100311955
-16.099412,35.303969,1.6197744402567842,0.0070936414,52,1.0711777976936623,0.44695664497057286,1.563546510211969
-16.097034,35.073377,2.1863956197593377,0.052171197,53,1.9801733955434724,0.6621034296319902,1.9388663170958367
-16.096666,34.975852,0.9811750237775652,0.002217241,54,1.7771814343046661,0.5259650890421605,1.692091079187231
-16.094797,35.681098,1.2094833598551844,0.23172909,55,1.6901373231844126,0.6859579249923226,1.985673050622827
-16.091054,35.56195,1.5791304802908357,0.047477324,56,2.003612533818492,0.6408028794717342,1.8980041362855353
-16.084998,35.581694,1.2798089386699718,0.069387704,57,2.1280770385779766,0.8703573149304866,2.3877638848013114
-16.081528,34.529636,1.7516102585503568,0.0026070308,58,1.486709620777134,0.4351937425831773,1.545262413083178
-16.054833,35.360422,1.4202322395037532,0.030721882,59,1.4656104067308062,0.3991647935820223,1.4905792362603716
-16.051462,35.244837,1.986798738735722,0.047491074,60,2.2222680395427314,0.5729966625192842,1.773573898474379
-16.047835,35.472547,1.6022975277927023,0.18865667,61,1.8555032840537062,0.5188680840374696,1.6801248128816235
-16.04697,34.910217,1.8593944560433744,0.0009213015,62,1.6532521074763826,0.4605798415161046,1.584992763202695
-16.044566,35.695152,2.600800426627052,0.31911716,63,2.214400836418749,0.7991637031389401,2.2236804936461514
-16.043878,35.6054,1.4498374222175754,0.024502845,64,2.4137863110205426,0.9009765174228948,2.4620061295521087
-16.041099,35.145198,2.542816783895903,0.19801092,65,2.7365950205100837,0.9251702029288881,2.522297526252451
-16.030033,34.802835,2.548339054508036,0.1963207,66,2.2571968346495854,0.6647119122503452,1.9439304181216253
-16.029948,35.410465,1.1123842418856418,0.06284601,67,1.4816429170315644,0.39788360588289473,1.4886707473056424
-16.028134,35.635929,1.846162491482184,0.02955311,68,2.392057672486369,0.772908659867962,2.166057424213519
-16.028061,34.805825,1.457578482252403,0.19547588,69,2.5270575823313997,0.8305626690983928,2.294609482948552
-16.022744,35.811397,1.8560473306081144,0.0055485736,70,1.697105931220399,0.546823274489531,1.7277556851710125
-16.022487,35.513886,5.0463308272217215,0.21311691,71,2.0708849773024625,0.7229367989027666,2.0604755360472073
-16.020639,35.448207,2.970858572021472,0.12972164,72,1.8482793285751864,0.5008538180983615,1.6501295798945892
-16.009724,35.145672,1.688659467534619,0.05064415,73,2.6045920283977324,0.8353314981569697,2.305578216549365
-16.007173,35.1575,2.5721894958029576,0.058614,74,2.398809983245114,0.7585747828489011,2.1352308832025364
-16.006285,34.799761,2.1457652925243504,0.15686767,75,2.0182493603900586,0.5846232382936734,1.794314829156243
-15.994161,35.075365,2.455650554865379,0.0692825,76,2.1771146155848196,0.7739157380062818,2.1682399120752383
-15.978893,34.978723,1.5953317919170549,0.0074470034,77,2.7432269412536883,0.6223176104541086,1.8632413092156732
-15.97529,35.029295,2.087228184358043,0.0806899,78,2.48152617742561,0.7644252969400125,2.147759695833041
-15.965693,35.392825,1.3760817212692058,0.054030474,79,1.8507534629520577,0.560433345312649,1.7514313104196184
-15.964919,34.950694,1.7495215283990884,0.009470536,80,1.874012450572138,0.5622115471534971,1.7545484794564108
-15.959665,35.03493,2.5453767980604707,0.12550202,81,2.4621228468278358,0.7459549786142213,2.10845400232968
-15.944962,35.298889,1.853236367546353,0.011923167,82,2.007687482278271,0.6449483689629955,1.9058886237254962
-15.940622,35.095487,2.024747520194119,0.34711128,83,2.8007597009040177,0.8447154248292916,2.3273154241406533
-15.938183,35.467495,1.799752086449711,0.019457683,84,1.922313793446376,0.6532122298090884,1.9217038796334267
-15.93632,35.227798,1.8646777834095245,0.07992973,85,2.5880956109576623,0.7653530699826075,2.1497532540225825
-15.929301,35.290814,1.4035155518037945,0.011788599,86,1.9340161203799147,0.6395942434245284,1.8957115258135917
-15.916279,35.384048,1.1296358989161306,0.0375811,87,1.7623959151614519,0.5415740122894698,1.7187100049065944
-15.915619,34.404055,1.5518938890587328,0.0,88,2.0569233145581713,0.514058380865819,1.672063313490646
-15.909287,34.939594,1.7009591643126278,0.090049535,89,2.3287553780445847,0.7423150524243455,2.1007933359745525
-15.908184,35.294892,1.5622690067030909,0.017349062,90,1.6887223137031395,0.5574161479004884,1.7461548604506767
-15.902223,34.829097,2.09843253362146,0.0,91,2.4510770246885576,0.6978466468724377,2.0094210522451696
-15.889826,35.766564,1.361454961174631,0.009586572,92,2.2293314588505084,0.5694513696047181,1.7672971924537277
-15.877739,35.351154,1.2483684370654196,0.038040947,93,1.6152743971452184,0.5169510021098672,1.6769069613947187
-15.875918,35.555916,1.056287195635953,0.00409388,94,2.3433098864646094,0.7761412450102969,2.1730707186890563
-15.864042,35.171426,2.1046558757103613,0.10676285,95,2.679265823506062,0.8106388480288441,2.2493445170762327
-15.856066,35.112088,2.1863779881220284,1.7844073,96,3.676231287326722,1.1241162617143612,3.077495945820776
-15.853133,35.080689,3.7145234926677047,3.506342,97,5.634717271815672,1.3306531152142402,3.783513651126451
-15.852817,35.043412,2.9594298171855145,4.5867014,98,4.911893898854796,1.3673691304025914,3.92501090825042
-15.851081,35.249045,2.4092345999024745,0.028137917,99,1.7803876220059935,0.48234675181831355,1.619871381275979
-15.849466,35.286663,1.3812832498917784,0.020256236,100,1.5410372656589348,0.451528681485731,1.570711468694647
-15.848941,34.988053,2.315583050901448,2.4736736,101,6.241705586391542,1.4012004481594589,4.060070947275904
-15.84872,35.073285,3.600560981025596,4.374809,102,4.77656327418407,1.3084430050459344,3.70040770842564
-15.848325,35.567227,1.7244625992005402,0.0052923886,103,1.6380879492955764,0.47009800472019686,1.6001510078847463
-15.847348,34.995895,2.651155366713417,2.9215708,104,5.5769152611483825,1.508575536849106,4.520287223507873
-15.84688,35.05698,4.492415804733036,5.246833,105,4.7715292785774,1.265362636524289,3.544377823939847
-15.836097,35.616962,1.2092801131258848,0.057693284,106,1.9570636016210987,0.4984597072011089,1.6461837119928888
-15.836067,35.737044,1.5355203842018943,0.007452815,107,2.1632301670569,0.6135276246260924,1.8469352146726346
-15.835268,35.167445,1.501372168699204,0.14453277,108,3.098396931168476,0.865876160091358,2.3770878833871065
-15.834733,34.977652,2.719344262684948,2.8790581,109,4.391474213580869,1.1331348682917213,3.1053762025625535
-15.83043,35.09356,4.042572223371625,3.9149342,110,4.08696157455313,1.156987006737911,3.1803364934295875
-15.830196,34.411347,2.0750287686322224,0.0,111,1.5325893967154447,0.4603503259968602,1.5846290245090844
-15.826831,34.982374,3.521245185013037,4.417532,112,5.2904383407180715,1.4395094522670617,4.21862587197703
-15.826781,35.09758,3.768323112927525,3.7252958,113,4.200419947427962,1.3089885628589704,3.702427045544877
-15.821831,35.007932,4.15276876774551,7.06683,114,4.441717464239476,1.3438580725457596,3.8338061115568367
-15.816606,35.19103,2.315147250240344,0.11316071,115,2.706350239895454,0.754512815230096,2.126575235877082
-15.810874,35.027737,13.762292882157588,9.763892,116,6.546956263351278,1.6202901751397722,5.054556810512511
-15.805679,35.546449,1.5247851385262878,0.006689497,117,2.193858130772984,0.5880865630202783,1.8005398975657723
-15.804976,34.994405,80.03606917769491,7.797348,118,4.034036846599657,1.2263475738881295,3.4087565404105833
-15.804177,35.793425,1.5025100404787717,0.042687543,119,1.4262673894068536,0.3677547211826212,1.4444876932857826
-15.803291,35.154915,1.5200590469108286,0.27706575,120,3.6894646013336576,0.9101522278199886,2.48470074517467
-15.80194,35.297593,1.2612591411756504,0.0102573875,121,1.684090645462607,0.47945992272650906,1.6152018327846616
-15.798508,35.05054,11.209273161367578,9.283787,122,5.026406916080848,1.4791397882425938,4.389168442239863
-15.795731,35.125619,1.5996556521092429,1.524835,123,4.11309651474915,1.0597340399677777,2.8856034320209467
-15.793053,35.483234,1.5718034658391746,0.0068833292,124,1.3166209704536493,0.31272624682223316,1.3671472188997267
-15.791752,35.157739,1.828485936598207,0.20111875,125,2.8587107319922223,0.7371715231190278,2.0900155854855353
-15.790143,35.411892,1.5826114169352727,0.0,126,1.8021319119883363,0.3774391183110566,1.4585446424299353
-15.779582,35.559395,1.0397159196960024,0.0059981155,127,1.7598179952751416,0.4300294178936036,1.537302747091738
-15.779108,34.901791,2.2848499180873176,0.0,128,2.514251456885663,0.6605889855370797,1.9359322347637073
-15.776645,35.020422,4.847700797412386,9.601425,129,5.487034712821545,1.6000526385272056,4.953293151589224
-15.775837,34.910253,1.6909705131100874,0.0060699233,130,2.8558680353825685,0.7628359875245363,2.144348952207687
-15.774542,35.052139,4.075898034240561,8.488742,131,5.705316073567487,1.4777441189233311,4.383046887334815
-15.773656,35.045773,3.637082480526615,9.228072,132,6.268503579315341,1.4479435308864215,4.254356560159208
-15.772282,34.516729,1.5608570408053006,0.040955078,133,1.897163833312622,0.5716753725691412,1.7712320405838393
-15.771462,35.034019,2.9146549999780955,9.491213,134,7.347857819207761,1.659673562653877,5.257594289161521
-15.770367,35.014662,4.664880575814621,9.140166,135,4.66461532146463,1.3503944054817336,3.8589472205333415
-15.767536,35.035977,3.823500452968812,9.2365,136,4.656316631898015,1.4216702842952098,4.144036381736491
-15.766944,35.208484,1.3421850697961497,0.059963647,137,2.617201691649799,0.7364785699815524,2.0885678043083886
-15.766915,35.6721,1.3001219606826349,0.09708903,138,2.385677433337903,0.6942376922854694,2.002182213099274
-15.766709,35.22348,1.9378683440428464,0.022660982,139,1.8640441205748552,0.49479305657347294,1.6401587838554648
-15.766141,35.153758,1.708636180640876,0.16665916,140,3.065659852388931,0.7690675475479452,2.1577533130773063
-15.762883,34.974998,4.315920411116314,4.6322303,141,5.43120690769596,1.2346870205317955,3.4373025472118175
-15.761763,34.372752,1.2407674014096557,0.003338521,142,1.594780406990795,0.40397093137332274,1.4977604084871738
-15.760952,34.421717,2.0747192528107234,0.0054862346,143,1.9767849425575066,0.478557672703615,1.6137451741280229
-15.759848,34.463784,1.284511731789317,0.040785607,144,1.9633671040381702,0.5227572285321415,1.6866717838539083
-15.753062,35.287326,1.2511755988619742,0.011026985,145,1.6653321038335787,0.5317135689121689,1.7018460419349226
-15.752852,35.781488,1.1113729940841417,0.043246064,146,1.8010139585626603,0.34311041858582764,1.4093243689391302
-15.752515,35.072778,2.9694833653973207,3.8554745,147,4.43632219694618,1.3919009144630077,4.022489197906949
-15.749596,35.018954,3.584600054846395,7.1144176,148,5.812258630640995,1.6195549085811096,5.050841729875528
-15.748746,35.021205,4.136638756196376,6.599962,149,5.739186601927619,1.3625380366735707,3.906094542823903
-15.744234,35.098483,7.348667766807913,1.8981164,150,3.9161301195133773,1.248479712113801,3.485040662873303
-15.743748,34.383647,1.605275153006586,0.0036861135,151,1.837879715573646,0.5172784562397156,1.6774561614185994
-15.735286,34.52086,1.686184838002729,0.0024319743,152,1.5493645229638338,0.4135479650893142,1.5121734171901304
-15.73134,35.566626,1.0836950672065138,0.002986808,153,1.8104917922140493,0.4718343013944678,1.602931758163198
-15.726059,35.710228,0.9469627736739632,0.06714214,154,1.935922595990176,0.5154770917402568,1.6744371714071007
-15.726054,34.517129,2.0695384902311766,0.0015174288,155,1.8483153954787261,0.4576698857713437,1.5803872086359192
-15.725627,35.341325,1.3839483598736846,0.0101598,156,1.8546215763560459,0.48233325979097363,1.6198495260744517
-15.718961,35.070469,4.462737408166183,1.824064,157,4.084678532239433,1.2448921002263158,3.4725600906738108
-15.718445,35.680575,1.3247355330088637,0.06783158,158,1.589096015101138,0.4749483416159521,1.6079311322163419
-15.713111,34.449287,1.6830557186122377,0.00017435549,159,1.9618128412972606,0.47149900530271055,1.6023943915028374
-15.705208,35.151067,2.814862975902148,0.14518613,160,2.785190170026084,0.7477774157260084,2.1123000306599256
-15.705021,35.183601,1.9753446314773824,0.050401866,161,2.8959677182344894,0.805233123855012,2.237217986913579
-15.703406,35.005569,4.184236452316656,2.2674286,162,3.654857169132583,1.222870871647924,3.3969258866573018
-15.702464,34.889266,1.762730028148533,0.018800452,163,2.62746555840338,0.7315047303487444,2.078205394832017
-15.699825,35.486854,0.9909532678326584,0.0147959,164,1.7010530133122095,0.48827469449324007,1.6295024038365244
-15.698935,35.255373,1.5482415607899145,0.010664003,165,1.6370880089903466,0.5261211526195757,1.6923551735815834
-15.69251,35.796372,1.0128578105936727,0.0,166,1.6715430983249755,0.46881176358615506,1.5980941509283135
-15.69187,34.394455,2.352851190962332,0.003338521,167,2.040290780423735,0.5486563747828299,1.7309257392500965
-15.684889,35.583213,1.2326284590723535,0.0,168,1.6367365560922376,0.45685534015464174,1.5791004353013687
-15.681641,35.073323,2.34524970611052,0.38123083,169,3.227108911947325,0.986889245612303,2.6828757106738585
-15.678937,35.680682,0.9692575186536432,0.043987148,170,1.4476083623929368,0.3992475862616916,1.490702650418425
-15.671589,35.200021,1.710644770835437,0.048461236,171,2.8136870326935197,0.7150482946479182,2.044285407918597
-15.667329,35.3114,1.7421407854266062,0.014393153,172,1.574135872859228,0.5012674774256696,1.650812312586217
-15.665454,34.923029,2.031755115459832,0.062407125,173,1.7294590391179203,0.5857334347722509,1.7963079773493655
-15.66464,34.955245,2.352577216672713,0.21145599,174,1.9012133280589572,0.6603134130846067,1.935398818670718
-15.664213,34.934739,2.068767535584549,0.102320924,175,2.3437312711095726,0.6973018404115924,2.0083266048314297
-15.663807,34.621782,1.6007803081664134,0.0008490378,176,2.095648828170475,0.5424840454855129,1.720274799965163
-15.65929,35.6434,1.8125815752900163,0.0063155405,177,2.1406463745026008,0.6571764806388176,1.9293371158677575
-15.656258,34.568301,2.135556831213688,0.027534423,178,2.085409131157554,0.7095045630822906,2.0329837938751467
-15.647325,35.458836,2.058391751342457,0.0059603923,179,2.0664625602490276,0.577526458057255,1.7816260491354838
-15.635692,35.306659,2.0983915749942423,0.008685194,180,1.9477105711962726,0.557843138232571,1.7469006108971932
-15.634718,35.531409,1.165247345107691,0.018442823,181,1.8183838123538367,0.4080328324022594,1.5038565355822837
-15.627924,35.672782,0.8736484657006224,0.00661628,182,1.8402491168320778,0.47463356375495974,1.6074250707465718
-15.626989,34.488763,1.6193701968698364,0.23898359,183,2.594589305590372,0.8180322593720832,2.2660364755659335
-15.621626,35.443322,1.8815848349455973,0.0,184,1.939385139764114,0.4152586499405898,1.5147624832540705
-15.621164,35.013099,5.708351635628389,0.4625869,185,2.5578015068144815,0.786954537680338,2.1966962731749384
-15.619836,35.052294,4.3505645005553255,0.472619,186,2.863112400453595,0.8022074521916702,2.2304591300429797
-15.615004,35.226737,1.674031122115074,0.016875431,187,1.7427108823296653,0.5501784758040297,1.7335623892001735
-15.612678,35.195643,1.5768239197415412,0.039061017,188,2.5690609756284255,0.6647174504780728,1.9439411840807796
-15.609782,35.04466,2.764547830410602,0.2745108,189,2.512205238047147,0.7738523845069919,2.1681025508407115
-15.607846,34.525082,3.380029852247336,0.24755159,190,2.0367402666709236,0.6312075491521619,1.879879255820973
-15.598949,34.517429,1.6803332829299191,0.26163518,191,2.616408070883844,0.7926772190387854,2.209303304593744
-15.596914,34.520456,2.013576199610269,0.25801328,192,2.624047001040644,0.9258692897903513,2.5240614478091086
-15.596167,34.510841,4.199799392498965,0.27493155,193,2.6377917659560746,0.8185269120252635,2.2671576537948073
-15.595224,34.525479,1.2380431902728213,0.24755159,194,2.466694076028758,0.8100847343766807,2.2480984698286797
-15.583395,35.424766,1.7685414129957795,0.0013972028,195,1.869173841221257,0.5438598209103145,1.7226431405376814
-15.582173,35.835835,1.080014669955267,0.007659194,196,1.9431561597787055,0.5042494130323126,1.6557422753636983
-15.580107,34.486228,5.454738065290981,0.28129497,197,2.0878029131696123,0.6817230515474624,1.9772817571244634
-15.57871,35.603459,1.4419447510552488,0.0015925356,198,2.0488808643052856,0.5238644661681375,1.688540364623138
-15.578415,34.465043,1.247146449044075,0.19442874,199,2.3138872888379165,0.7326468112770683,2.080580229447121
-15.575781,35.068538,1.98746872336304,0.052581787,200,2.27230412761782,0.8018309529706379,2.2296195219837824
-15.574928,35.124925,1.3229507357077763,0.0109581975,201,2.2761967084215033,0.681728348353259,1.9772922304296736
-15.572013,35.303079,1.5638626081344107,0.017587837,202,1.9303183677749856,0.6368861848848235,1.8905847729338747
-15.569237,35.083289,1.6227036045937278,0.03232532,203,2.505039443855445,0.7206319174430775,2.0557318530995268
-15.568044,34.692717,2.693897014582965,0.008238748,204,1.9292399486051572,0.5702739152852784,1.7687514731498044
-15.567784,34.519127,2.710390346264973,0.23152944,205,2.2356908455986932,0.8218824033331202,2.274777859212317
-15.559279,34.885134,2.44713862654521,0.00966281,206,2.203892109026726,0.6239858589210783,1.8663522528653607
-15.558742,35.010733,1.6339907326617302,0.09628552,207,2.3830317716660523,0.7932237363722446,2.2105110571433637
-15.556942,35.1832,1.414476292609598,0.05462068,208,2.138414985191048,0.6937756095454363,2.001257252976712
-15.553168,35.64588,1.4904594267273064,0.0017285587,209,1.6966242774239113,0.3871751664059411,1.472814456294
-15.549261,35.225079,1.9354633558215,0.051371045,210,2.181923035049802,0.7362188264002119,2.088025382675344
-15.548224,34.626974,2.87343134455326,0.0028722887,211,2.0296824187980835,0.576684130379864,1.7801259680721295
-15.545205,35.823627,1.3164294671093857,0.0076591936,212,2.1450134610117058,0.6030187181935251,1.8276275740984225
-15.543872,34.726405,2.3606422937218143,0.0025394093,213,1.7117361297908404,0.4915407630919853,1.634833171056289
-15.538003,35.626395,1.1797999409886817,0.0013433769,214,1.4083379123473097,0.3579142283485173,1.4303429323428976
-15.535664,34.4567,2.685177641199392,0.015481306,215,1.8656883726914328,0.5767847621348953,1.7803051142862212
-15.526099,35.589777,1.4696743328843782,0.0047275247,216,1.435949520044828,0.3738818747274311,1.45336546112539
-15.525747,34.909696,2.131529594015742,0.001765713,217,2.4391092749549514,0.6960549044551777,2.005823910849474
-15.522797,34.457348,1.5383829769468016,0.00087311346,218,1.8867383887526787,0.6156908646408785,1.850934903417354
-15.50833,35.782588,1.2052168487059975,0.0013226329,219,2.0182510650402783,0.5715340062113641,1.7709816656591963
-15.50056,34.501325,1.844426435581901,0.0011232083,220,1.932187438765261,0.6690994964475009,1.952478315100513
-15.494491,34.674153,1.6686381785152349,0.0032144643,221,1.8214949465785855,0.4970018213649718,1.6437855126506886
-15.483505,34.505184,2.3428543920444858,0.0,222,1.7351445273038544,0.5808390457991326,1.7875376276519623
-15.481217,34.800231,3.0821037577042025,0.10056561,223,2.243529917308375,0.71021621684807,2.0344310893733906
-15.473915,35.311902,1.8192579698235605,0.027803205,224,2.573696184994298,0.7968990759091912,2.2186503840613043
-15.471926,35.227714,1.5324692023945237,0.07045529,225,2.3485786209846515,0.7668005399163512,2.1528672103581443
-15.465583,35.635228,2.2444006330597066,0.0,226,1.534720816270168,0.4782140729946742,1.6131907870049693
-15.465189,34.607883,2.086887318401398,0.003485742,227,1.6541142222090122,0.45460232480052304,1.575546702585378
-15.464192,35.012816,1.8508743839102,0.05494228,228,2.1372550725245234,0.5945817429966452,1.812272790632859
-15.463536,34.608811,1.6782846374457892,0.0033272991,229,1.50923574442509,0.45597984135005776,1.5777185397701554
-15.455463,34.486459,1.879798761144278,0.0,230,1.9526820336075952,0.6025174627976231,1.8267116954789329
-15.452825,34.947099,2.551127554591252,0.1254761,231,2.044521371348554,0.5505232320164132,1.7341601486381237
-15.451516,34.464556,1.732269692368048,0.0,232,2.2359331108175997,0.8445214554928899,2.3268640400909826
-15.442607,35.295281,1.389397741944238,0.5320339,233,3.310821862611306,1.0630583586568596,2.8952120596606927
-15.432665,35.552417,1.6064009363301424,0.009799843,234,1.7395907643207291,0.49996765405763977,1.6486679421194241
-15.431764,35.003062,1.725592366613334,0.0059789866,235,1.8561635036162107,0.5957735748469224,1.8144340027109942
-15.429797,35.306298,4.443332468985419,0.9729356,236,3.471530773957642,1.1423815403366997,3.134223764314485
-15.427582,34.825967,2.8527181129734807,0.97358865,237,2.3655015402879784,0.7881002956994866,2.1992145979654776
-15.420275,35.394941,1.8809770342888523,0.4479659,238,3.131835930911059,0.9063128773470648,2.475179397784284
-15.419415,35.140775,1.471835753708948,0.009320583,239,2.1124717078908337,0.5069295974854321,1.660185922305188
-15.413797,35.301432,3.912647632009841,1.1551986,240,3.9577922572786908,1.2110531555943003,3.357018254060752
-15.411713,35.321174,5.827353633617315,1.4332689,241,3.4321227357580906,1.1073314746894605,3.0262719265296787
-15.411171,35.327691,4.796492012413239,1.6434203,242,3.6235076205857304,1.185657678907229,3.272838590709644
-15.410241,34.51808,1.9215638354404063,0.0,243,1.5183776513884317,0.4030658928053201,1.4964054907707443
-15.409414,35.319507,5.337471699153753,1.4279526,244,3.988828822874013,1.0958105256998065,2.991606474919639
-15.407636,35.318259,3.9455739859373047,1.4279526,245,4.118906166796581,1.2266017422130928,3.409623048465453
-15.40761,35.335927,4.409819183168679,1.6298244,246,3.4772150932707517,1.0560911464297413,2.8751106096464127
-15.403323,34.682855,1.6664523129600302,0.029700566,247,1.9120070994087808,0.4968843825524209,1.6435924797669927
-15.403134,35.314459,9.874711060598615,1.3375401,248,4.348738716382432,1.2530843068320014,3.5011248648996456
-15.401425,35.336762,2.049450912427215,1.6529293,249,3.994748546570782,1.1561645083467438,3.177721747240045
-15.400676,34.777934,2.5673472894595206,0.12945634,250,2.1659836836950497,0.6193733868241937,1.857763577914768
-15.399591,35.352221,2.7623955254146337,1.5829835,251,3.523068319362093,1.1426615454648887,3.1351014859189257
-15.399216,35.333275,4.740913059721681,1.5715436,252,4.0879977211081755,1.1709962513081789,3.2252041523813917
-15.3991,35.339457,2.682454441753244,1.6424313,253,3.8047336049169393,1.2385249124564899,3.450519890043514
-15.397766,34.772403,1.8838007048617893,0.063234344,254,2.074714172929282,0.6913615083998286,1.9964318424077305
-15.397163,34.544338,2.0014386282197005,0.0,255,1.6702545325995954,0.4730476006039305,1.6048777743093994
-15.395239,34.714624,1.6604314912707645,0.0,256,2.365566630201162,0.6611677859406447,1.9370530774632755
-15.39032,35.315213,10.396010729873492,1.3871443,257,4.26835005621974,1.2805937144262551,3.598775736487898
-15.389976,35.363563,3.189615910023869,1.4120023,258,3.8084338885326408,1.1494739342193343,3.1565319294019902
-15.389475,35.35048,3.5935809660025924,1.638106,259,4.412405577419827,1.2521240159977873,3.497764380561839
-15.388462,35.344203,4.784593604779944,1.6431124,260,4.040820146312667,1.2240389476162998,3.4008960724397506
-15.388404,35.198928,1.7600692582922477,0.017748147,261,2.3638411598102733,0.6747751819871728,1.963591475609539
-15.38839,35.467089,1.4826745675063335,0.013043386,262,2.09683622312449,0.6691600920185548,1.9525966302236368
-15.388311,35.349786,4.0860167965605205,1.5648983,263,3.8136199325834275,1.1915549168023634,3.2921963209406235
-15.388281,35.3203,9.06479608804924,1.4346957,264,4.322483620416019,1.3718020531507467,3.9424488002507174
-15.385744,35.347682,7.947808258158,1.708655,265,3.9071464340411195,1.1843641762373551,3.2686079020479153
-15.385096,35.299773,2.372733080122093,1.1100162,266,3.6353434841134113,1.156031229219434,3.1772982514809387
-15.383488,35.354055,3.521141770918036,1.5156509,267,3.2626303891966257,0.9903590405888487,2.692200908243419
-15.37754,35.306335,2.570640481230921,1.1889467,268,3.4144515126585357,1.1035306893899053,3.0147915477267913
-15.374401,35.365113,4.923934949023562,1.2733878,269,3.4706370700086415,1.039314338662118,2.827277794528344
-15.369294,35.346946,2.5447469087068657,1.516283,270,4.489706576192763,1.1819934016449274,3.2608679479496403
-15.364113,34.670693,2.4857972825792563,0.029979339,271,2.0564935313900774,0.5345167168637572,1.7066232606786214
-15.363697,35.333184,12.87068223102126,1.4059067,272,3.7703957132855397,1.1997205633478876,3.3191892899923667
-15.361921,35.265958,2.1543792877785624,0.117642134,273,2.887971052047665,0.9128500178052632,2.491412996011931
-15.35411,34.803532,1.552579954278743,0.019537594,274,2.01708634000808,0.6088146528197257,1.8382511410490616
-15.349341,34.850334,1.8534099771745003,0.009408129,275,1.7534502934421365,0.5860394849616257,1.7968578218817286
-15.347351,34.925195,1.922061531729178,0.0077955164,276,1.9875246228835162,0.5835763663398015,1.7924373941736604
-15.338709,35.394991,2.6307752197516288,0.2893758,277,3.1933809923174907,0.9240582992866482,2.519494533064151
-15.333546,34.911879,2.66674026370541,0.007441174,278,1.9843136260738299,0.6160978032798325,1.8516882736250702
-15.332283,34.714505,1.9552147218614888,0.0031582622,279,2.1300117220015644,0.6331294384653968,1.8834956497141515
-15.331859,35.457338,1.808413937289742,0.00756826,280,2.1687652074760853,0.6529402817661468,1.9211813470783203
-15.289466,35.201186,1.298486183236881,0.006496047,281,1.8995323394765817,0.65859851237512,1.9320826461294685
-15.282556,34.70229,1.8133536073466792,0.0031582622,282,2.250757443203066,0.6705922927250119,1.9553951440352388
-15.276547,34.623749,1.6963455775723573,0.0,283,2.764768800852068,0.7803089488083103,2.1821463328757837
-15.268513,35.49244,1.7359423295080003,0.015552996,284,2.00541312440498,0.5727511403602098,1.7731385002336928
-15.256486,35.065353,2.0342793358767537,0.0012633776,285,2.115407359578606,0.536347894332158,1.709751253821839
-15.253792,35.256139,1.8853573984996264,0.0,286,2.1225576401075106,0.6542048067415913,1.9236122655286811
-15.241005,35.404114,2.116451348331538,0.12367588,287,2.086068725047323,0.5408875226776502,1.7175305332363406
-15.238564,34.984646,1.5957912986092095,0.0,288,1.9476268962472547,0.524561654568265,1.6897180058497
-15.226151,34.905952,1.940223623812653,0.025322763,289,1.3485671250583686,0.4930986498361323,1.637382040892123
-15.22401,35.203621,1.5006820895884716,0.005202033,290,2.062958455901872,0.5826260445399531,1.7907348109722152
-15.215737,34.602905,3.016315939594735,0.0024255977,291,2.2329626982999464,0.7278169275174603,2.070555497419446
-15.204413,35.502387,2.282892959857832,0.031002032,292,1.8046876431666348,0.5309260487514339,1.7005063314601754
-15.191919,34.967449,1.3600357427071716,0.0,293,1.4336454001258505,0.4350696895522653,1.5450707304869302
-15.187795,34.828257,2.4833477562385124,0.0022254633,294,1.7263844113566102,0.5654227261141656,1.7601917044725797
-15.185392,34.628305,1.7769079902320342,0.00175328,295,1.983884105494432,0.6598021097306639,1.934409495707143
-15.182804,35.418041,1.3479172234322705,0.02216339,296,2.214505201299234,0.6222248663981539,1.8630685126724842
-15.173661,35.031449,1.6117963399663364,0.004584833,297,1.8021423512220511,0.5379874135475196,1.7125567230378818
-15.12574,35.513325,1.6850872936703212,0.015167414,298,1.8641469122086904,0.5579070518884445,1.7470122652697646
-15.101544,35.145211,1.8218568363147385,0.0013987463,299,1.9380592583662788,0.47106059188473903,1.601692034273387
-15.061635,35.098917,1.8297085011611305,0.002630259,300,1.646589432760607,0.5457953407178447,1.7259805792549672
-15.061575,35.300281,1.603151782493626,0.0039871936,301,1.9534536162652265,0.5031088878965106,1.653854936163722
-15.055065,34.919847,2.03950915409264,0.026218887,302,2.125690934739962,0.5647427420663895,1.758995209037518
-15.049572,34.64151,1.8912156146754024,0.0011751646,303,1.6926609073977925,0.6226107553954694,1.8637875890456765
-15.042153,35.22694,1.9228578462883923,0.46553585,304,2.3173284115661663,0.695727826820233,2.005167957988201
-15.035595,35.513982,1.1845792093255916,0.06257845,305,2.0780418032879995,0.5713223089510906,1.7706067933736997
-15.028036,35.152533,1.764381440281074,0.075995564,306,2.1877072961443536,0.5259996072841298,1.6921494882046189
-15.00473,35.163219,1.4749067289003022,0.07581864,307,2.1242749208733693,0.5078602935413854,1.6617317700408383
-14.999638,34.954637,2.786228011531376,0.63822824,308,2.7108643608102914,0.897407053190876,2.453233752391039
-14.992769,34.93994,2.258415669036782,0.66282725,309,2.3193996332039837,0.7235028172022894,2.0616421330328043
-14.992631,34.928059,1.6802772171079925,0.604979,310,2.5422967978403705,0.741323687418778,2.0987117149709325
-14.98695,34.77652,2.8064811721819938,0.0038531797,311,1.7292609561356755,0.47256797816104523,1.6041082234724313
-14.986768,35.462909,1.1954106729890228,0.06515283,312,1.9953347018046748,0.5757510029795072,1.7784656585158778
-14.983696,34.743399,1.6480117369868328,0.0038531795,313,1.839298727772424,0.5891841185901188,1.8025171750465312
-14.976762,34.943929,3.5223497297363515,0.69426507,314,2.6940815876238666,0.8028093858333675,2.2318021225854294
-14.966727,35.676864,1.4232675569623392,0.0,315,2.1624984247874437,0.5900453202579408,1.804070174470822
-14.965719,35.616284,1.5129685040846497,0.0,316,2.43742068289988,0.5768302788934572,1.7803861498484987
-14.958294,35.520117,1.523885134852508,0.063532665,317,2.0114637399614383,0.6118272816266792,1.8437974596958313
-14.948131,35.214956,1.880884194817905,0.008260177,318,1.994726846328411,0.5195327958240322,1.6812419829045486
-14.944016,35.144464,1.2046184977225958,0.00767871,319,1.6438201737796048,0.327025398624614,1.3868367004777449
-14.931677,35.03003,1.4077212179610177,0.013820628,320,1.7135085895311688,0.5320126229915562,1.702355062044729
-14.924294,35.85383,1.2243620886721136,0.0,321,1.7218026978892937,0.5282889713624591,1.696027872280726
-14.918698,34.586335,2.0541024678606905,0.024000878,322,2.171186087084259,0.7565976662547736,2.13101345334017
-14.914055,34.931088,1.5012759358153962,0.00916908,323,2.005718666900237,0.6980863734181382,2.0099028215570214
-14.903672,35.085979,2.140662977885168,0.0071690567,324,1.5495776541413313,0.42077616012092484,1.5231433000358046
-14.899499,35.145843,1.9495220923290195,0.01897089,325,2.1017891937004856,0.5466689871777066,1.727489134954045
-14.898374,34.879442,1.3458526617474476,0.014541128,326,1.9534250054075386,0.6250148077859575,1.8682736222233027
-14.885393,34.740982,1.9822290219783905,0.021716097,327,1.8156217742547809,0.5646342761007495,1.7588044282704105
-14.869095,35.227445,1.580413395607793,0.0032566367,328,1.724668639468425,0.35089186572936726,1.420333730855859
-14.863595,35.680037,1.6330090383637466,0.010807945,329,1.7207374500080965,0.5292203021114517,1.6976081709654822
-14.863205,34.934255,1.5221704372506937,0.0,330,1.8164225801408422,0.5175063631721097,1.677838508874737
-14.860188,35.551947,1.2351335211848278,0.11150905,331,2.1172537885828797,0.5907746410365128,1.8053864002521287
-14.846656,34.70755,2.622652263372161,0.023375468,332,2.0391067093879975,0.6205998173218632,1.8600433935561362
-14.846312,35.23287,1.3778912706484974,0.0025077008,333,1.604314443049942,0.4046520589875112,1.4987809219713357
-14.846169,35.50009,1.8020678411046047,0.10055427,334,1.9955086724565891,0.5088993885143879,1.6634593645815245
-14.835844,35.565399,1.451778193235165,0.08761397,335,1.7884475284733092,0.5860535384884514,1.7968830742487722
-14.812365,35.755902,1.6822725650068429,0.0,336,2.9133663370060967,0.7100510784511838,2.0340951544233588
-14.810918,34.85051,1.573292552414694,0.0,337,1.7694497142802617,0.49092139878679475,1.6338209272513948
-14.803485,35.049652,1.9096220253080824,0.00932324,338,1.529963859501779,0.4222964267945247,1.5254606450788633
-14.791922,35.433471,1.6065500700059174,0.0,339,1.5111351765881769,0.4677221079138091,1.5963537269754353
-14.790572,34.845684,1.5652169863865957,0.0,340,1.804318977572183,0.5106294149782489,1.6663396840999058
-14.790041,35.6293,1.594734573574332,0.025256366,341,2.0316979664961026,0.5457759032112339,1.7259470308220977
-14.785029,35.057611,1.5430618910299954,0.0,342,1.642646242513863,0.5164455368548808,1.6760595573745758
-14.780085,34.657889,4.3894396865074805,0.2641697,343,2.181871407330517,0.686959081308122,1.9876620152046667
-14.776339,35.539435,1.2826280336476512,0.0064162062,344,1.9124593923171338,0.6121975339537523,1.8444802563916678
-14.755818,35.232287,1.7783275524810684,0.0,345,2.4335973691372854,0.7337728264457591,2.0829243138347713
-14.752119,35.681512,1.3777071379343095,0.024070295,346,2.0420928911535383,0.5202773321982318,1.682494194815465
-14.718437,34.69204,2.459746085600937,0.0,347,1.6707538058117746,0.5342045926830609,1.706090665413879
-14.717821,35.800871,1.2160443296300114,0.0171465,348,2.2298957406796642,0.5841268779494552,1.7934244234293348
-14.698152,35.455542,1.377534584233186,0.0,349,1.5316522750497643,0.43509425815734115,1.5451086911858405
-14.687752,35.569097,1.278982058152833,0.04678414,350,2.1982389052595144,0.6505359032609472,1.916567648704078
-14.683761,34.915074,1.484041143556337,0.0,351,1.7394280080268971,0.6175780040785517,1.8544311736072345
-14.677658,34.700061,1.171981354068227,0.0,352,1.8861525686284308,0.4856892770062401,1.6252949012456377
-14.671041,34.774422,2.070446488501703,0.0,353,2.4278969674573383,0.6274308716737299,1.8727929479458594
-14.663388,34.546576,2.333444652552529,0.035771992,354,1.8665133563299774,0.5703502339045532,1.768886466971281
-14.662478,35.026911,1.556696902138756,0.0003622482,355,1.7433637502116173,0.5450376678365325,1.7246733458665748
-14.659798,34.677474,1.7624267935635047,0.0,356,1.7643583601273545,0.5101942583823047,1.6656147231424974
-14.646637,34.832473,1.672335266379407,0.0,357,1.7395556000259458,0.49590854656832645,1.6419893853878527
-14.641939,34.583085,1.4403182555845744,0.020041116,358,2.1406995613724455,0.6571704045928324,1.9293253931623344
-14.616051,35.313813,1.549278352949182,0.0,359,1.8444055374020594,0.5285453924067658,1.6964628252820777
-14.60574,35.734273,1.5084629855216511,0.0,360,2.542834598082783,0.6133745304174882,1.8466524812305796
-14.58168,34.637007,2.047976056523371,0.0,361,1.9462210517243004,0.6046810982571501,1.8306683124725023
-14.575176,35.55658,2.0456946825934508,0.0034394294,362,2.5516373700986597,0.7706038595308801,2.1610708430764323
-14.544524,34.533248,1.5310173435581342,0.0,363,2.0435280472541213,0.6066084079578912,1.8341999794848114
-14.531922,34.702913,1.8273109511007068,0.014166622,364,1.7823680602542187,0.5341255413614441,1.7059558020226147
-14.503987,35.326367,1.4887997891441107,0.031646073,365,2.1776837052244864,0.5413525692490546,1.718329450674614
-14.481431,35.608492,1.4666344941077016,0.0155307995,366,2.1198216097948612,0.5643672773558095,1.7583348923810034
-14.47413,35.197807,1.5637716787087492,0.031843834,367,2.707639844777364,0.64406676489122,1.9042091249897104
-14.465717,35.229392,3.178545560487924,0.7856736,368,3.2755444387751638,1.033078902333896,2.8097033330184344
-14.453137,35.262859,2.174152051480528,0.85699993,369,3.757945661924508,1.0921375212492435,2.980638446162913
-14.421902,34.955581,1.1651771801828856,0.0,370,1.802550848096534,0.5694169828975204,1.767236421967494
-14.415021,34.737562,1.563001708350667,0.0,371,2.211530366073192,0.6190069026722822,1.8570828617489263
-14.414164,34.003808,1.4412038645069722,0.005573935,372,2.027346878937443,0.6696941460372079,1.9536397008040425
-14.41125,35.595181,1.8839033376551984,0.08709938,373,2.057339275564594,0.5498061982644413,1.7329171429719903
-14.410488,34.132618,2.1760447894515766,0.0,374,1.915358396987878,0.6231332817608388,1.8647617216832304
-14.402079,33.945271,1.713391485369114,0.0,375,1.6883139850700544,0.5306269874251446,1.6999978518184133
-14.393188,33.934806,1.7423210729287273,0.0,376,1.2517308108958574,0.4767782775272741,1.6108762369927663
-14.386206,34.308217,2.515019030157323,0.52051157,377,3.2359231220998863,1.0064019962459143,2.7357400827313523
-14.37646,34.469011,1.9866185785039847,0.009504767,378,1.9654655081796697,0.5972907407861887,1.817188889460694
-14.367123,34.192129,1.6727577228190271,0.0,379,2.9410111624479756,0.6386239227508659,1.89387296986747
-14.347362,34.137668,2.0272005660045465,0.021939475,380,2.3519705365213115,0.7616480532393269,2.1418031190085647
-14.347177,35.46094,1.6064130824632663,0.07672274,381,2.450230208216633,0.7460011510664263,2.108551357068865
-14.344464,34.009088,1.402680484104854,0.0,382,1.9429059243624822,0.5760940728997563,1.77907590125949
-14.334623,34.798593,2.3280408496413334,0.0,383,1.3028573071707246,0.3911547677346605,1.4786873487957677
-14.31495,33.981149,2.5545153374479708,0.014176852,384,1.8930764517169343,0.5876403399573873,1.7997366343684336
-14.309332,33.77418,2.0947111644659087,0.004911579,385,1.9065035259567324,0.5878355900746688,1.80008806746493
-14.299366,34.095169,4.01977060068807,0.058333524,386,2.209772585497549,0.6954960192476637,2.0047031987407036
-14.298119,34.261228,2.412688667523692,0.0028242443,387,2.201202036855012,0.7706766747921295,2.1612282077436547
-14.297704,34.70574,1.6226392296237797,0.0,388,2.0039460906990896,0.5946488162090391,1.8123943496672927
-14.272959,35.256432,1.3729669106509563,0.004100355,389,1.8727719985552722,0.5798773647506654,1.7858194129117253
-14.265231,33.80856,2.502316763916999,0.06924848,390,1.8480160495146305,0.5971705561452488,1.8169705043900228
-14.263875,34.51864,1.214122840672912,0.023488864,391,2.0953727734159973,0.5424520419132652,1.7202197459072845
-14.260532,33.774799,2.363208833673449,0.071292594,392,1.8966721340480728,0.5500189396320162,1.7332858453526139
-14.252291,33.724729,1.4259448833149897,0.0073375558,393,1.9362092603963728,0.5766248525590011,1.7800204492113756
-14.23632,33.797774,2.392584760586191,0.08802251,394,2.1920276376510346,0.6553114517310109,1.9257421997270476
-14.230789,34.513181,1.7651214758270233,0.016671218,395,1.8325791299316774,0.5567979588822385,1.745075740276269
-14.219633,35.025718,1.816501515757185,0.0121091,396,2.549015976914713,0.6266435361945297,1.871319011929946
-14.213324,35.407836,1.515016004133105,0.027954021,397,2.0556028409267024,0.6172344276106316,1.85379414413504
-14.200352,34.103045,2.0261195074359137,0.025692083,398,2.098525703428074,0.6444873776636844,1.905010228134421
-14.193944,34.379958,2.102782737459043,0.0,399,3.0388537088194267,0.7827829061717698,2.187551553249649
-14.185037,33.870781,2.1708791566792813,0.0,400,2.0218680018639477,0.5837543480264301,1.7927564435958865
-14.167398,33.967162,2.176916133761134,0.0002597376,401,1.7250443980767394,0.581651469199467,1.7889904551252536
-14.166801,34.19226,1.8739708595707407,0.0,402,2.2618744066829892,0.6838666413138211,1.981524784094121
-14.157104,33.551782,1.2618635166853789,0.0,403,2.0432040977476165,0.6211743734343325,1.8611123999300274
-14.156098,33.857402,1.7451594103938504,0.0005503555,404,2.2158921236966247,0.6356362885783724,1.8882232141683848
-14.147413,34.072092,1.5838777468844645,0.0050616995,405,2.1420081043712096,0.6264676559275377,1.8709899127843719
-14.142451,33.763861,1.6775481227104287,0.053468622,406,2.4108600948848222,0.7531574532569536,2.1236949090530035
-14.14077,34.056561,2.122478484444452,0.008719456,407,1.9807882628583342,0.6548935830980864,1.9249376605742279
-14.128157,33.377554,3.324308516583089,0.0,408,1.850269269384923,0.610077985176296,1.840574930745342
-14.127521,33.662751,1.6280754912680206,0.008880421,409,2.11394651403168,0.6317927685564365,1.880979719614148
-14.123186,33.59488,1.3930408072482556,0.00025183213,410,2.049982705261765,0.6199467649220638,1.8588290843011863
-14.112681,34.870719,1.5780492832184636,0.07752042,411,2.865574225347536,0.7103196517795649,2.0346415314970967
-14.111488,34.512174,1.5597902354182849,0.014387423,412,2.076903407378502,0.5757982217227647,1.7785496374118728
-14.101096,33.807346,2.3067386890388617,0.16284433,413,2.6525256213083006,0.8354981277555509,2.3059624261315412
-14.100373,34.916601,2.7263684148345213,0.13974133,414,2.8390530100204447,0.7383173004480372,2.0924116503769463
-14.100208,34.235927,1.428855848371586,0.011472213,415,2.424035398619856,0.7740755829043173,2.1685865218640656
-14.096687,33.960052,1.980984320842203,0.018074201,416,2.0930248203325266,0.5692820142324727,1.7669979165225402
-14.095697,34.168091,1.2883589219515523,0.000295444,417,2.344314176578322,0.6655613224050413,1.9455823138279742
-14.087961,33.325564,1.8454436449458065,0.0,418,1.5979204345009355,0.5349382708139665,1.7073428461170652
-14.082816,34.905699,28.60896784944173,0.13585144,419,1.8105023357257277,0.6448806507631805,1.9057595647487198
-14.079133,34.532966,1.6956853609031162,0.014387422,420,2.270047931285863,0.6417217078595302,1.8997488778023772
-14.074178,35.196788,1.9297775380309623,0.0,421,1.6105468239718543,0.43827753339238207,1.5500350342108298
-14.055466,34.244042,1.4920577926652396,0.0040265606,422,1.9338507573482913,0.6479878085478152,1.911690269462167
-14.046295,33.798679,2.218470115583312,4.215158,423,3.2423538776815484,1.0263844046883586,2.790956600661906
-14.038697,34.511056,1.9088610208996373,0.021635765,424,2.1439587321573175,0.6809555701284644,1.9757648123036888
-14.03793,33.805057,4.9179285458006055,4.9808817,425,4.64548229845712,1.4985256230647974,4.475086240068433
-14.036065,33.682929,1.763038191026166,1.0564364,426,3.389198591691996,1.089129384517812,2.971685750387391
-14.029786,33.712149,2.955988813634309,1.6602165,427,3.9419005182281968,1.1958160659162331,3.306254791724356
-14.027634,34.036002,1.7892736082842238,0.0,428,2.426285547598525,0.7510335657067306,2.119189206371839
-14.02546,33.790943,5.2216334264604045,6.227847,429,5.558039155806247,1.6529881796822514,5.222562488806675
-14.023146,33.749996,8.357768525092649,4.333112,430,4.2233722763679316,1.242459440828235,3.4641228014202023
-14.022649,33.81761,3.141757584298457,5.765513,431,4.572388595780307,1.4679347949578105,4.340262347238409
-14.020513,33.594596,2.6995350738361474,0.058549106,432,2.420082249717071,0.7489149918484141,2.1147042999985803
-14.018558,33.809094,7.147369816664987,6.330001,433,5.699968944232052,1.739463544417121,5.69428787064257
-14.016298,33.806101,3.807046374091589,6.489266,434,5.876901374171649,1.784062273165774,5.95399410894973
-14.012712,33.737374,3.407734629776313,3.9282706,435,5.110388088631488,1.5432797176792443,4.679913925060102
-14.012397,33.802123,6.63785089488809,6.8772197,436,5.530278718451168,1.6884183194508582,5.410915593334437
-14.008755,33.728111,3.4262437735532982,3.3970687,437,4.318440786739115,1.3429683357567677,3.8303965502485138
-14.007835,33.70938,3.973751698095304,2.1486936,438,4.115379814921324,1.2593418645897283,3.5231020459853872
-14.005091,34.196053,1.5788858225191094,0.0,439,2.4077661740463143,0.5812738295837483,1.7883149890066659
-14.005029,33.794591,5.407495651358406,7.9253283,440,5.905256429303424,1.7956598817034943,6.023448173900801
-14.004444,33.469742,1.7884721033832782,0.050098803,441,1.690268064889381,0.5167671209581547,1.6765986381596272
-14.003753,33.805576,5.714165939767924,7.378748,442,5.248552236692669,1.5385776969401808,4.657960525843933
-14.002539,33.846601,4.194044070116879,3.54606,443,3.7307901417269136,1.1286998336337029,3.0916342470273492
-14.001754,33.785388,3.716655649808916,8.249303,444,5.756879897378362,1.6315708376498854,5.111898377387723
-13.998383,33.808134,5.03499132046328,7.716187,445,5.3971748955702274,1.6487718057272562,5.200588570033939
-13.996385,33.708036,2.4755806691237137,2.343012,446,4.210100727782761,1.3682448658173896,3.928449684815685
-13.989487,34.507137,1.503917897339218,0.04437641,447,1.7101152230675258,0.48951842079075336,1.6315303196527442
-13.987618,33.471434,2.041938008984989,0.047513843,448,1.8338174757505659,0.5521757714265529,1.7370282858294002
-13.983474,33.798561,4.547983003805354,9.494189,449,5.26295234525201,1.5482124157557289,4.703055555892758
-13.982346,33.806385,6.064209861916189,8.731783,450,5.138189455774351,1.540314511366279,4.666057568376145
-13.98172,33.97522,1.539401298775209,0.0031332534,451,1.8480387777081402,0.5833841211536566,1.7920928398336822
-13.981202,33.811192,3.598241372303174,8.399532,452,4.992747583425882,1.5559836516844068,4.739746492512339
-13.981185,33.794726,5.278465437216744,9.561286,453,6.07901266205401,1.795448200810078,6.022173259952125
-13.97756,33.263427,2.353314855944981,0.044730745,454,1.8104907014046538,0.5851766651631198,1.7953081260281811
-13.959151,33.741979,3.0650245664144222,4.8577023,455,5.487554487491171,1.713708020337919,5.549501036247253
-13.956877,33.740034,4.86765688503507,4.799623,456,5.663742751340009,1.7105011301359279,5.531732901204764
-13.956563,33.771997,12.101083174616674,7.84753,457,5.6842046186744195,1.6822577459915724,5.377683719143892
-13.950627,34.08006,1.6685773402349189,0.0,458,2.21213850843339,0.5995122329040696,1.8212302475158468
-13.94947,33.081072,1.832389152520762,0.0045838123,459,1.8377834176244268,0.5878507530634888,1.8001153623871078
-13.947389,33.823267,3.7455389446634575,4.492579,460,4.914894303952495,1.3985552146314202,4.049345303650194
-13.946321,33.186604,1.7117121434670677,0.009356721,461,1.9728428869159629,0.679942224323109,1.973763693402735
-13.943037,33.434141,1.513638666971011,0.0,462,1.6376825798029855,0.548958680923421,1.7314490878317383
-13.941496,33.820622,2.393429349520092,4.5737267,463,5.32802459507476,1.5650996001975372,4.783151314986972
-13.937334,33.768276,2.882603927109852,7.3707867,464,5.286195188104516,1.6500872285369197,5.207434044222
-13.935473,33.443104,2.132613312065577,0.0,465,1.7068921203342584,0.5905341459939777,1.8049522659786705
-13.930634,34.533073,1.4659548964418176,0.0046851826,466,1.7490487299249695,0.5052286004562531,1.6573643514056464
-13.920888,32.966397,2.2534443629916745,0.0,467,2.4350029397085735,0.6554233491570949,1.92595769737909
-13.920552,33.765325,3.094562781167752,6.5157413,468,4.745225327802545,1.498577845402784,4.475319945636853
-13.916922,33.1276,2.0541966651934693,0.009818965,469,1.6720772279932379,0.5763846516845048,1.779592938089182
-13.900288,33.77319,3.740692489103939,5.0520663,470,4.718923443271975,1.2830646625415962,3.6076791199808094
-13.899852,33.794876,3.0704864181193967,4.689167,471,4.514268751267709,1.4073675345841936,4.085187122907717
-13.89782,33.760477,7.343260624881787,4.0004516,472,4.980673071938302,1.3776372298618749,3.9655209352012504
-13.895495,34.491033,1.43068170431603,0.007774679,473,1.631828561589943,0.44061065311043535,1.553655673562956
-13.893669,33.805097,5.830070407182832,3.248893,474,5.5370993429419135,1.5724665386273178,4.818518610615766
-13.887295,33.74622,4.400058836284717,2.411075,475,5.823169826141859,1.754853162304825,5.782598576166479
-13.885932,33.764391,5.284966524692119,3.390183,476,5.99428933781478,1.7920319719394007,6.0016352390614935
-13.885676,34.475131,1.5512920647788642,0.007826327,477,1.6162621350145512,0.5498856856300279,1.7330548934651044
-13.881585,34.356424,1.6121993322267538,0.0,478,1.5323694796696292,0.4141484786586209,1.5130817705582624
-13.871693,33.228082,1.9900481654463853,0.0,479,1.8447682166393355,0.7229743715793664,2.060552955082576
-13.870775,33.394422,2.103992827909199,0.0031943813,480,1.9287483055502457,0.5526757932897844,1.7378970551330886
-13.852853,33.513603,2.688123877066127,0.010699878,481,2.119009060019439,0.6451798125357606,1.9063297804473385
-13.851904,34.529105,1.6813722385992218,0.004846703,482,1.4357700928307267,0.3893647325271706,1.476042813991897
-13.846168,34.585541,1.579798577450406,0.03787669,483,1.7130039299829352,0.5774847376271912,1.7815517204810236
-13.835717,33.897107,1.8082424829395825,0.019780263,484,2.1682018186114402,0.6360310559132807,1.8889687701652484
-13.830846,34.42995,1.457271336970358,0.091695905,485,1.8287869558233711,0.5968325506356341,1.8163564621294113
-13.825714,33.777982,2.280863726034586,0.3351877,486,3.3747363863745914,0.9933037342775144,2.700140299066551
-13.819115,33.174092,1.293679352489128,0.0070243482,487,1.7544622948887205,0.6455595895802885,1.9070538982302045
-13.811588,33.915943,1.7115330222447191,0.008184375,488,2.1937485651957784,0.6039809213566015,1.829386969443286
-13.804444,32.987776,1.952999114342159,0.019001098,489,1.844733635782499,0.6478409389535439,1.9114095209051365
-13.803408,32.901011,4.238129839563655,0.3701415,490,2.137703187164868,0.6565422948004555,1.928113945491109
-13.80165,33.52983,2.036350472928746,0.0,491,2.1523271966803614,0.7090972820625716,2.0321559667530855
-13.79991,33.116582,1.9046166729532203,0.0,492,1.8224672886073607,0.5497031144551909,1.7327385164786853
-13.787503,34.466146,2.60451265878712,0.4526642,493,2.6664271624251925,0.8887952496235763,2.4321976944185404
-13.785994,32.860543,2.659197331119467,0.3769323,494,1.9778767990033679,0.5931283022224563,1.8096406727420928
-13.781343,34.442408,6.972330669706646,0.482773,495,3.0736271033449003,0.9373963456185567,2.5533247810448945
-13.780298,34.294294,1.6889730475505214,0.0042101718,496,1.6639425515648247,0.4509408167787507,1.5697883742112702
-13.779716,34.32197,1.1050817814387586,0.0053933077,497,1.7531475339412588,0.518439720903181,1.6794052634760035
-13.776575,34.403131,1.387326570058553,0.25582722,498,2.625795517530338,0.8429936900955791,2.3233118518723277
-13.77625,34.010906,2.9263920793995783,0.0014583339,499,2.1327821736265284,0.6477871397760802,1.9113066914112113
-13.772572,33.014152,4.180438020584085,0.025274508,500,1.7795153752999644,0.581105617067813,1.788014197342251
-13.764306,33.812489,2.5471499497674883,0.49057972,501,2.458051324868084,0.7901943893684725,2.203824784728549
-13.76407,33.614923,2.035913163918712,0.0,502,1.7774430977716396,0.5860706013375063,1.796913734455012
-13.763297,33.932837,1.412054860265591,0.0010961572,503,2.3473576857955907,0.6137570672756186,1.847359029000474
-13.750254,34.58358,2.084015908334408,0.15991257,504,1.786026295032019,0.5955696325032843,1.8140640005189441
-13.747769,34.455568,1.9943181290796863,0.4467179,505,3.2157563678976357,0.9584932135050868,2.6077641677646755
-13.73958,33.123693,1.2711688066822096,0.01325741,506,1.9833769851521357,0.6152320695864385,1.850085898412117
-13.736363,34.240636,2.103456819571777,0.0,507,1.8189095900227734,0.3507675762750644,1.4201572093216328
-13.728265,33.301121,1.5243041610580954,0.0,508,1.948506889523621,0.6439437343188261,1.9039748634620657
-13.725164,35.039178,1.3490744374156598,0.011860222,509,1.8266657516522096,0.5889657209488465,1.8021235525318273
-13.714481,33.687636,1.10048514287628,0.0,510,2.346140967563437,0.8137220421193473,2.2562903850259617
-13.713232,33.458309,1.8685788377811428,0.0,511,1.9790382495770176,0.6791041618030635,1.9721102489695463
-13.707395,34.373415,1.6042921432796162,0.008736295,512,1.8653751342053089,0.5778657695836862,1.7822306779627097
-13.70606,32.988531,2.0891983728505195,0.0,513,2.016663980136217,0.6461219124340126,1.908126579788875
-13.700251,33.84987,2.326867575726363,0.055892497,514,2.2504914894570582,0.5844489893376131,1.7940021989089574
-13.681329,34.128822,2.3236174906559564,0.0079224855,515,1.903639158366441,0.5913561619632359,1.8064365755445568
-13.666854,33.204111,1.968367057054168,0.0,516,1.6035523767254904,0.5754548013056194,1.7779389520203972
-13.660567,34.240615,1.2166599326941208,0.005018976,517,1.6962387322781356,0.40948219822447757,1.506037754156469
-13.656155,33.060158,3.424666362190949,0.017578311,518,1.6496896886425114,0.591267443955987,1.8062763192002698
-13.649155,34.042664,1.8669543543088387,0.0,519,1.6077930505107938,0.5279044705976423,1.6953758736217077
-13.645875,33.64561,2.5426784357091887,0.0,520,1.83254111361247,0.5994092034901655,1.821042616896763
-13.639242,33.637618,1.6834928991904736,0.0,521,1.7346687031954156,0.5173393556259235,1.677558320579904
-13.637108,33.902552,2.3126601327295853,0.07685871,522,2.903896996651641,0.9049626620890299,2.4718396280064674
-13.629989,33.414507,4.87300115927084,0.0,523,1.7769020338708499,0.5554897028593181,1.7427942271556482
-13.628619,33.495548,1.5987914717022893,0.0,524,1.9885862689677896,0.6309772126248212,1.8794463008259565
-13.605708,34.138884,1.5646839944944668,0.0,525,1.1589439928456442,0.4890697127627722,1.6307984031211136
-13.599289,34.482196,1.610055060659689,0.0,526,1.4436518553621025,0.4419316216806838,1.55570936000571
-13.597231,34.861869,1.461742788600848,0.0015976758,527,1.8418211338549568,0.5729191965207435,1.7734365121228022
-13.592628,34.078702,1.5007173596489334,0.0,528,1.1502492022383757,0.5121713745416074,1.6689110945075518
-13.59236,34.435331,1.873282876856159,0.0,529,2.118378292374823,0.6283136536818185,1.8744469458175483
-13.579327,33.185907,1.3435440985760077,0.05703118,530,1.901220656807248,0.6030188083434261,1.8276277388588746
-13.577768,33.56351,2.640106542038546,0.0,531,2.0858405459520797,0.5806182488369707,1.7871429883432102
-13.572201,32.859582,1.3883490217734915,0.00090789155,532,2.208103401009592,0.7457647121070919,2.1080528723132272
-13.564182,33.359249,2.138545458470884,0.00094928406,533,1.928481039651034,0.6167882396101954,1.8529671879353342
-13.557205,32.897253,2.1929207643084605,0.0,534,1.8287506932185371,0.6322260857068938,1.881794957001734
-13.553265,33.192122,2.3726516564958846,0.054696903,535,1.8861549893605718,0.5965143485518074,1.8157785856638133
-13.552698,34.315225,1.645734907324095,0.13702165,536,1.9217356519979454,0.6094112035412635,1.839348078250431
-13.54501,33.75642,1.6902359085226937,0.34070107,537,2.404233000916931,0.7131194105906783,2.0403460189205367
-13.543769,32.993232,3.2222920153024206,0.046324182,538,1.6824854627292585,0.5965693824167703,1.8158785177270977
-13.536814,33.735148,5.011862107501289,0.34480235,539,2.177191061877509,0.593807448684723,1.8108701012367108
-13.529607,33.912972,1.5097415439259014,0.005903327,540,1.8900931056731023,0.549782549743033,1.7328761625284013
-13.520882,34.376954,2.277143166554798,0.00036864643,541,1.8224786899841352,0.5327252977987842,1.7035687200307723
-13.514585,34.282768,1.8348331075539248,0.12627071,542,1.9115294524972035,0.6462616992647777,1.9083933293997692
-13.510144,33.614385,2.7468944499582424,0.0033798364,543,1.7826729643143242,0.60211871957549,1.8259834517723394
-13.505623,33.83564,1.2765726375104662,0.0033331767,544,1.758936445976254,0.6454422649371008,1.9068301669369088
-13.488871,33.054046,1.7753755269092315,0.0,545,1.9380349333305307,0.6561201874997169,1.9273002462643352
-13.48157,33.433947,1.7291142542780742,0.019133676,546,1.96355536620774,0.6432904523304799,1.9027314371757225
-13.47578,33.865843,1.7015270563459637,0.007613142,547,1.928304937993204,0.5852695452007823,1.7954748820585757
-13.472007,33.602711,2.571601731620819,0.014144395,548,2.4299158020445963,0.6896749829263102,1.993067646947455
-13.463495,33.749036,2.146124938021998,0.00070803246,549,2.094318674454536,0.7001065974015548,2.0139673797180153
-13.445443,33.262719,1.8783850895685328,0.007820286,550,1.775764213224341,0.5717023163075825,1.7712797648395917
-13.444772,34.030135,2.4315227344972903,0.0,551,1.4193097530579055,0.5092274398441461,1.6640051541566774
-13.423647,33.82757,1.781008926449854,0.0050222897,552,2.0690113213993024,0.7572969408752454,2.1325041381022416
-13.423027,34.097944,1.4091543175659993,0.0,553,0.6096788848700168,0.21567139316799577,1.240694611281014
-13.421973,33.524336,1.4471481011373537,0.0,554,1.5878044718675757,0.5322438585879721,1.702748752648699
-13.408561,33.964834,2.6589307934132886,0.008170333,555,1.9961475405152473,0.6027765694534817,1.8271850699621575
-13.405444,33.38039,2.843095703168585,0.030204576,556,2.055678178470062,0.6681456198306372,1.9506167796695129
-13.397418,34.265175,1.4671851462764969,0.008107836,557,1.715463842302458,0.5159958921605874,1.6753060954950454
-13.395012,33.10138,2.0448837115063565,0.0,558,1.5942692540849395,0.5007578068684515,1.6499711565294455
-13.375275,33.869728,1.585651747769446,0.025494577,559,2.5101437778209195,0.7759240148090418,2.1725987133682554
-13.368588,33.956473,1.8766134929255385,0.121538006,560,2.163445287878769,0.6121288758220272,1.8443536221705445
-13.365946,33.737434,2.472475861613977,0.0,561,1.927187328839466,0.5948290748274865,1.8127210788158334
-13.362015,34.264738,1.644285611879908,0.0066448846,562,1.6486864967358663,0.49711307951284706,1.6439684073564047
-13.360181,33.496079,1.9895001685244824,0.0,563,1.9001025661944906,0.6149647528793374,1.849591405637934
-13.359734,33.346812,1.5099892029889632,0.0014057785,564,1.9331613236877065,0.562254984441462,1.7546246939392247
-13.352253,33.922143,5.208575617125164,0.1286534,565,2.0524586149995345,0.627467613609705,1.87286175924857
-13.345048,34.124701,0.999781319771631,0.012995706,566,1.207435926585311,0.38936914889430857,1.4760493327532698
-13.336095,33.755512,1.8835017071758828,0.0,567,1.8321278019613634,0.6193263580996758,1.8576762117176195
-13.334414,33.993416,1.357804850753093,0.0,568,1.6164914174917315,0.49859417788501126,1.6464050903265839
-13.328711,33.1627,2.1737440832182453,0.0,569,1.886895113721102,0.6803459081200199,1.974560630669201
-13.319855,34.074362,1.5834135090142474,0.010057756,570,1.5533703137330066,0.4476888489960716,1.5646917644895304
-13.31979,33.764741,1.1244846757650635,0.0030598505,571,1.92310634408115,0.7085207974257987,2.0309847976716524
-13.308778,33.884552,1.6762447742678914,0.044005875,572,2.4536210888599905,0.7223965522563484,2.0593626716865177
-13.305415,33.797999,2.4904217068087138,0.0032055578,573,1.91677696133054,0.6416168546926042,1.8995496935589073
-13.29812,34.107571,1.5716150586721818,0.013614549,574,1.460232876034973,0.4492273579622037,1.5671009095688775
-13.272203,34.311688,1.146379773336065,0.0056421906,575,1.4558544754037244,0.4406785056214133,1.55376109657817
-13.25146,34.257029,2.125135697762843,0.005566118,576,1.3821891090468843,0.4089230826792937,1.5051959403939965
-13.242706,34.007169,1.93338638069856,0.0,577,1.6195576275189845,0.4636239035000804,1.5898249303948981
-13.242061,33.638782,1.8373397966039893,3.1539996e-05,578,1.9762712763115176,0.6078313315583496,1.836444438048634
-13.241522,33.872457,1.7968137639430313,0.0,579,2.11455134878825,0.7042712130213218,2.022372269144304
-13.230821,33.569775,1.7090592593822105,0.04519301,580,1.931630302651961,0.6498293205339478,1.9152139134276813
-13.226167,33.74038,1.5531140147700002,0.0,581,1.6576763908761813,0.5668675234672149,1.7627366628198993
-13.222906,33.832923,1.8092024758063991,0.0,582,1.8260956433074846,0.6199664521482742,1.8588656798500864
-13.217297,33.96869,2.155243125178397,0.0,583,1.5190674007632279,0.5034917344950428,1.654488230119981
-13.217199,33.757794,2.364227908427559,0.0,584,1.552310997820474,0.5205311287457046,1.6829212602248231
-13.209255,34.326557,1.9238114016252392,0.01257975,585,1.9074318633412495,0.5999816185829604,1.822085307572767
-13.175196,33.80253,2.256362592970662,0.02297785,586,1.8777420391443451,0.6554382264070693,1.9259863505463335
-13.147556,33.848971,1.5121011022060007,0.024191707,587,1.8080831315456871,0.7013934124551441,2.016560651432366
-13.114606,33.844348,3.109138036805164,0.024366578,588,2.053798424344448,0.7447055021638115,2.105821183871855
-13.102273,34.285371,2.0524225925608457,0.006832829,589,1.9371535112967402,0.4737343528003355,1.6059803061856297
-13.094518,33.478406,1.7258306122686091,0.123890854,590,2.609581361815848,0.8282380629481161,2.289281614628963
-13.092839,33.373104,1.8544898966521803,0.0,591,2.437159634207556,0.7370388096093108,2.0897382305866006
-13.082668,33.753587,2.35001770938541,0.005458301,592,2.051943927893488,0.6838192037183994,1.9814307875525978
-13.052256,34.245021,2.0150781568402816,0.0,593,2.056199334949835,0.5891192350688984,1.8024002251792546
-13.045424,34.323395,1.5641286215163197,0.012387653,594,2.1815991783672484,0.6960236167234648,2.0057611541508504
-13.039493,33.484268,2.6447981732331742,0.6184386,595,2.770830382983994,0.8279944432009838,2.2887239683504736
-13.036576,33.838871,1.700938431077076,0.0,596,2.0944488137620714,0.6399451754970765,1.8963769085335385
-13.02936,33.759258,1.8392643909929665,0.006355661,597,2.4071803394624074,0.797564447483978,2.2201271021899007
-13.015882,33.461245,2.1372682249173645,0.5285879,598,2.9204444790464024,0.9617972015815784,2.616394438786638
-12.961161,34.269784,1.8827295750153767,0.2710094,599,2.5218974226980198,0.7486749685883235,2.1141967826887833
-12.953096,34.270535,3.210301141767641,0.2734276,600,3.119381455563429,0.8300378477357591,2.29340553882843
-12.934259,33.523125,2.4402859259485945,0.0028595563,601,2.0341278202918596,0.6249891257173903,1.8682256417081564
-12.933083,33.60355,1.6615469254527475,0.0,602,2.00145539258228,0.6681413989574354,1.9506085463807963
-12.931315,34.286991,2.420176291300443,0.28728756,603,2.3998101051676883,0.6229749906925086,1.8644665699186842
-12.915144,34.265595,2.084562344648246,0.28560203,604,2.4967130103953195,0.7166559102011362,2.0475744760057264
-12.910544,33.939109,2.095906093366902,0.0,605,1.8323847365809764,0.5596561789683099,1.7500706857350778
-12.903751,34.270026,1.787635458158386,0.26842165,606,2.3081641915252655,0.7180061196861931,2.050340997756248
-12.864382,33.65154,1.57312122797896,0.0,607,1.9790140343076552,0.674983996289764,1.9640015444067174
-12.864215,33.448411,1.6188674400609473,0.0038712984,608,2.063281526946943,0.614811147223113,1.8493073197554817
-12.832109,34.249029,1.9650182111247243,0.0047913073,609,1.948614986081441,0.48252265408449996,1.6201563453850576
-12.768201,34.200761,1.177372652571278,0.0021167023,610,1.9911220391085132,0.5178237030602852,1.678371038451489
-12.75019,33.755312,1.398062587551172,0.0,611,1.66417722881672,0.5765241692399548,1.7798412398664258
-12.736754,33.335215,2.519888826508507,0.002927949,612,1.820802173016048,0.6247882991720249,1.867850490078033
-12.690471,33.427711,1.545206707619473,0.0,613,2.138795323251963,0.7162044368674324,2.0466502593763174
-12.68101,33.80395,1.5184896551836826,0.0,614,1.821706801040438,0.5596641419859912,1.750084621634378
-12.677904,34.179679,2.30645800268247,0.003783615,615,2.1685749798833993,0.6459103288992952,1.907722894330539
-12.636775,33.502301,1.7486450113966947,0.000615186,616,1.958878495950169,0.6222494401581845,1.8631142958335651
-12.553069,33.310314,1.6662290355639602,0.0,617,2.143874748921389,0.6923114956156918,1.9983293282863208
-12.549529,33.519392,2.134733209700069,0.045157555,618,2.301088362986513,0.6758647630118957,1.965732133620065
-12.547721,34.12495,4.460724445147134,0.16108172,619,2.9051676926908288,0.9560645505835602,2.601438472222739
-12.524268,33.670876,1.5460960307355789,0.004823422,620,1.998070454018063,0.7350009028250154,2.0854838753311897
-12.497686,34.15169,4.225231986786383,0.32709512,621,2.087717887662353,1.0519154213658195,2.863129969550274
-12.480156,34.125547,2.1626408520012,0.2948032,622,2.638570161649172,1.011776738491008,2.750483566245162
-12.474514,34.069092,3.228120969597556,0.078091964,623,2.1628123365461733,0.6093937494054485,1.8393159742994363
-12.435457,34.170292,3.289856374839729,0.0033165559,624,2.0226012083705784,0.7083357095439672,2.030608921783528
-12.375627,33.719306,1.9048341978656569,0.0,625,1.8492226410226116,0.5594059540327128,1.7496328291940464
-12.35673,33.55738,3.2461654922683705,0.085479096,626,2.4898483492080565,0.8109022573321422,2.2499370933899834
-12.356494,34.016562,1.6995799090789834,0.0013838712,627,2.010313419882136,0.6022578105080647,1.826237447177332
-12.314757,33.431981,2.302138407565804,0.0,628,2.0565921502321283,0.7880552114771874,2.1991154503206736
-12.255721,33.575487,2.1245911632243013,0.0,629,2.187798298046753,0.8029879144394341,2.232200598676023
-12.213252,34.00483,1.870948749097685,0.0056595583,630,1.9204354597177073,0.5807120045997418,1.7873105511521301
-12.164785,33.430374,1.7507399438742075,0.025988525,631,2.0096091341829845,0.7224299136048412,2.059431375948308
-12.095548,34.734085,2.02036374703771,0.0,632,2.3180181800581865,0.7291107628976394,2.0732361891916016
-12.081014,34.73933,2.714188561123496,0.0,633,2.2744098127176997,0.7195924016366125,2.0535959976644516
-12.068157,34.049511,1.322130098579605,0.0063577737,634,1.696287731977765,0.5641530056952201,1.7579581714054966
-12.062353,34.744459,2.500953788118144,0.0,635,2.391271215004204,0.7080542092107633,2.030037385143091
-12.054302,34.742048,2.805221074980707,0.0,636,2.6123090281625476,0.733138424949363,2.081603322596908
-12.05268,34.743996,3.81679664689918,0.0,637,2.2196790600079153,0.772952794182368,2.1661530237824955
-12.048716,34.735788,2.1561673271020587,0.0,638,2.0093185662804935,0.6598497387175251,1.9345016318657564
-12.048123,34.726956,2.420073665943839,0.0,639,2.2762783359827736,0.7277011441050145,2.0703157753164856
-12.032028,34.62685,2.176175812272233,0.0,640,2.054581546930823,0.7722087232712679,2.1645418518159385
-12.026138,34.625649,2.3595436870688644,0.0,641,1.9572429799564628,0.7508389854482246,2.118776894103455
-12.024975,33.32538,1.99443734710857,0.009202904,642,1.850931275760067,0.5530788479605925,1.7385976638408647
-12.023432,33.985497,1.573526943672953,0.0,643,1.9069748698144924,0.5873855480782113,1.7992781345028426
-12.020478,34.623074,1.633785305299082,0.0,644,1.9756115235302762,0.701234061830874,2.0162393368352025
-12.018345,34.620035,2.006786659594409,0.0,645,2.0337638468694994,0.7275898745879991,2.070085425095813
-12.01483,34.614247,2.6490403467862214,0.0,646,2.027013631348005,0.6583828873614217,1.9316660856944694
-11.998786,33.528231,1.858075184069228,0.0,647,2.6253139967591816,0.7609029687241818,2.1402078890344773
-11.95341,33.367064,1.9555755997534536,0.0,648,2.1244833841219264,0.5608674921152909,1.7521918538048775
-11.926179,34.136756,2.567195689405124,0.017510146,649,1.9186786220851015,0.6115378515482045,1.8432638864721749
-11.906333,33.608928,4.13490699616142,0.38173315,650,3.4893898791053437,0.9761026534022802,2.654092141823927
-11.869863,34.132379,1.794892226261537,0.07338359,651,1.9181935707548945,0.6130737872236945,1.8460971965687738
-11.855015,34.118278,2.0601128178610497,0.013127641,652,1.7774934378285034,0.5345506245397798,1.7066811292883264
-11.843331,33.53769,1.9534568741135336,0.0,653,2.327422193259223,0.640410906938792,1.8972603165846704
-11.77845,34.182041,1.614710375168822,0.0030714446,654,2.1475578714383903,0.5921180193475848,1.8078133469741406
-11.766983,34.05228,1.5155908372807776,0.0,655,2.0085340513644105,0.544231312419103,1.7232832067192787
-11.759265,34.213486,1.6813739021341714,0.00036994825,656,1.7584846085151065,0.5478816735109349,1.7295853081622174
-11.744547,34.192356,1.7323111434041212,0.0,657,1.9327797980906953,0.5978005664154707,1.8181155751337688
-11.709117,34.072019,2.134078863279697,0.008239145,658,2.0938529653353726,0.6867832926573749,1.987312637490091
-11.704716,33.676888,4.019360582572906,0.0042577805,659,1.8836501944091764,0.525421699909411,1.6911718650512826
-11.687144,34.31454,1.471153231309695,0.0016050573,660,1.9837063921610074,0.6484790027634177,1.9126295113207499
-11.671303,34.026398,1.3622984910017804,0.00048018212,661,1.9361869785986414,0.6576897047337413,1.930327552299032
-11.652508,33.469931,2.535229566470157,0.0,662,2.408805938944396,0.7361143684812664,2.087807283280467
-11.641962,33.431836,1.6833693719275793,0.0,663,2.11611490556141,0.6428532973616319,1.901899830457326
-11.632151,34.235546,1.3665564328392172,0.060352586,664,2.5817258616569436,0.843686411478017,2.3249218172345265
-11.614042,34.284334,2.4531079997277305,0.14721395,665,2.3665023776770977,0.7145135937162435,2.0431926187900924
-11.597419,34.289879,2.868664803191556,0.15208974,666,2.7477406636552284,0.8818949047581884,2.4154724628431006
-11.585584,34.239631,2.416107370362186,0.05503122,667,2.36929801471634,0.7532709799400393,2.123936018777849
-11.569838,34.286378,2.142960564238217,0.11121504,668,2.4086421052570883,0.7306692741913706,2.0764698704168447
-11.520091,33.99345,1.5608636986502964,0.10828899,669,2.821213508434089,0.8965003616822124,2.4510104342631265
-11.506254,34.149293,2.14231042508104,0.0063786744,670,1.8723972291499846,0.5594484186782962,1.7497071283095709
-11.499307,33.394599,1.7871455114303485,0.004802747,671,2.0782244353057955,0.6386534553305802,1.893928901647822
-11.482671,34.030325,2.5728855273155413,1.503919,672,3.596418398112575,1.2757527861253868,3.5813964211261906
-11.481095,34.032312,3.050084851941926,1.5283773,673,4.127317321408977,1.359780538954377,3.8953383329588616
-11.471044,34.014915,3.200667491489665,1.9263562,674,4.336436288522446,1.421454111667779,4.143140651323369
-11.462884,33.866583,1.691167091867827,0.0017053668,675,2.097144584382503,0.7030403485148758,2.01988453424577
-11.459434,34.009584,6.658265575923151,2.0746572,676,3.3091170424328693,1.2220615952843088,3.3941779468996
-11.458178,34.013903,4.8134777473681165,2.0904872,677,3.763252831392736,1.2515343234146954,3.4957023828813405
-11.45481,34.03332,6.456718413726725,1.9224397,678,4.331528434890489,1.3719823184517037,3.9431595510301296
-11.454062,34.013881,4.532739311348271,2.129045,679,4.62402842399127,1.4494208367425447,4.260646190729714
-11.453559,34.015381,4.445655984879791,2.129045,680,4.9108915049332085,1.4568816812760539,4.2925530877643405
-11.452838,34.01643,7.635556348958169,2.1395106,681,3.906422408931539,1.300168215905609,3.66991395359834
-11.451314,34.008785,4.475022726356349,2.11196,682,4.34596675597602,1.450691000872025,4.266061349031471
-11.448798,34.022058,5.002460246140159,2.2534301,683,4.306347502086535,1.412457548286921,4.106033791246921
-11.444968,33.98243,3.417209911856067,1.7721901,684,3.7911104629078327,1.363049360292121,3.908092331934791
-11.444414,34.024958,4.024047113511172,2.1800647,685,3.7434168017889027,1.221384466825683,3.3918804303628147
-11.443987,33.818765,3.1355656992580414,0.0,686,1.913265232769171,0.6187566685368712,1.856618214362373
-11.443483,34.002229,5.65431623319207,2.2091866,687,4.155602723105746,1.3516786438558182,3.863906212219668
-11.441438,33.997204,4.100474392158694,2.0931113,688,4.02414504973461,1.346968818083563,3.845750675428515
-11.439132,34.004179,2.926934378861506,2.1579485,689,3.916974288159998,1.3486610015742935,3.8522639004626678
-11.438511,34.022644,4.075055638573153,2.204917,690,4.250906009801746,1.4258320796563706,4.161318951440415
-11.430612,34.025354,4.134370224852986,2.112922,691,4.509928364563545,1.4064615971479961,4.081487874855856
-11.429687,34.003117,2.9706360164826084,1.9921199,692,3.8576459596882375,1.2740633696864192,3.5753510591426902
-11.428555,33.985418,2.4084979455975755,1.8166549,693,4.3173362230604635,1.4977697599038677,4.471704965289089
-11.425324,34.017434,6.010705358346873,1.9513875,694,4.100329674043645,1.3656244005304372,3.9181687950255935
-11.415627,34.018966,3.477448993055852,1.6914015,695,4.380049428141971,1.4515982482761913,4.269933478340431
-11.413241,34.216314,1.7355831839049718,0.0,696,1.9657357461554308,0.5190482618298595,1.6804275613348028
-11.39583,33.986905,4.242166219503977,0.7072719,697,3.991188433280799,1.381602199118511,3.9812753159740595
-11.381057,33.974639,2.7864572680725304,0.32256335,698,3.1993715675597874,1.2096245571746902,3.352225847115958
-11.375006,34.077967,1.9755134322051024,0.0036688738,699,2.440928272047656,0.7728551038613412,2.1659414219341038
-11.350481,33.458365,2.1868193783962475,0.0020188433,700,1.5914713939631775,0.5305723669612347,1.6999049996829376
-11.330067,33.888153,2.723943851194204,0.10178376,701,2.217891307506372,0.7815435243506818,2.184842021041175
-11.291592,33.453704,2.210534581662302,0.0,702,1.4508352709577124,0.5177090702769697,1.6781786531349578
-11.256585,34.199931,1.504804842064458,0.0027257951,703,2.3397404834530944,0.6999371513360725,2.013626149780364
-11.240231,33.864865,2.360108310786139,0.007944087,704,2.066247460195811,0.654752092448879,1.9246653191622853
-11.196191,33.965921,1.5276247318922074,0.0,705,1.7864883034523258,0.4660871196875115,1.5937458399400708
-11.158936,34.192383,1.2525790336408256,0.0,706,2.4374479879220186,0.6961407969349311,2.0059962034383387
-11.058599,33.933521,1.9883908609197216,0.011592045,707,1.686538493202089,0.5252325237243369,1.690851965869155
-11.025932,33.845638,2.441349091732346,0.17772727,708,2.4992771115578205,0.7074481319168896,2.0288073983494255
-11.025597,33.841177,3.0821165901823138,0.17772727,709,2.295376759394083,0.6340413769193125,1.8852140652504217
-11.02323,33.537786,1.813185612334972,0.00041687425,710,2.0182915988319676,0.5124700578263179,1.669409644805763
-11.01095,33.854296,5.406669085471709,0.18619047,711,2.7027946233948525,0.7677419929957705,2.1548949882019905
-10.998117,33.830001,1.890266535709557,0.18148984,712,2.2755346926173026,0.6557709109200152,1.9266272029722333
-10.977621,33.65402,1.5737585026471947,0.00049362413,713,2.238199818989223,0.6173432453121838,1.853995880729013
-10.970504,33.738524,2.211586603513379,0.028431077,714,2.1364830724512607,0.5979917073203718,1.8184631246044165
-10.961302,33.649999,1.8116019906627625,0.0,715,1.6189694514463797,0.5556673082416531,1.7431037842793855
-10.960315,33.92762,1.7201483848139698,0.011055572,716,1.9445269827832836,0.42272496849959423,1.526114508678626
-10.959156,34.010848,1.5916815576518744,0.006386109,717,1.6635611278324822,0.45727426733933746,1.5797621019864851
-10.94494,33.766007,1.7177307027936062,0.02379568,718,1.8097267457519925,0.6611290689959027,1.9369780821381173
-10.916977,34.00885,1.9829336429226767,0.015974872,719,1.9951058954955576,0.5499903208425132,1.7332362415196614
-10.903221,33.632296,1.5633217610968717,0.0,720,1.944039256643122,0.5048496186899465,1.6567363595425864
-10.895534,33.744985,1.7014622745464218,0.0002067381,721,2.1369347810131925,0.6181380027516794,1.8554699434315765
-10.891467,34.013325,2.397695415143937,0.01660685,722,2.3854468606308212,0.6755126327968715,1.9650400617980242
-10.882429,34.050458,1.7339045955450891,0.012089998,723,2.2080263052271927,0.6086716080093418,1.8379882075692355
-10.852595,33.531056,2.216901158143381,0.004167911,724,2.0814419455883684,0.5490954551191555,1.7316859215841853
-10.832742,34.187335,2.488694247541994,0.0,725,2.0871038195480685,0.6580154947771621,1.9309565362489027
-10.810424,34.032693,1.3297827110390747,0.0,726,1.59815143425866,0.49460473951377104,1.639849943056753
-10.804108,34.059065,1.6904159886125445,0.0,727,1.7393485092616658,0.6082615633021028,1.8372347047282376
-10.754226,33.537282,1.906116901828715,0.0,728,2.1537362608489645,0.5992938204519305,1.8208325115883977
-10.716909,34.043547,3.018822587221377,0.0,729,2.063680065500268,0.6378253612888153,1.8923611996007896
-10.669118,34.075923,1.9139503378583125,0.0021091339,730,2.412596174462338,0.7376144290353355,2.0909414707784237
-10.620806,34.109264,1.6073876762163837,0.009093163,731,2.250606844301796,0.6795734997664391,1.9730360524177077
-10.523532,34.197454,1.6257877389302111,0.004586192,732,1.9944166249488415,0.5895783632403678,1.8032279478997666
-10.502489,34.176439,1.959540951030558,0.008056839,733,1.7100733576842444,0.4051934676509092,1.49959259465051
-10.442679,34.101839,2.051771429479071,0.006273629,734,1.8465469901205127,0.4181791846249775,1.5191928660192013
-10.403841,34.138224,1.2267295877830862,0.00021914147,735,1.690470424389285,0.38764855456892117,1.4735118342760931
-10.399822,34.10239,1.2524513213178083,0.0028174033,736,1.975041362458982,0.37528710690158784,1.4554092126685712
-10.363741,33.5863,1.3961528064841209,0.0,737,2.138450964823754,0.5905259789951176,1.8049375249957667
-10.32619,33.717783,0.9717859415088318,0.0,738,2.090329683930892,0.6560191795157595,1.9271055833833974
-10.300082,34.151984,1.8549255486815848,0.004494451,739,1.677133253261791,0.4807866991898663,1.617346266837709
-10.282045,34.059226,1.2072200345957145,0.0,740,2.254393756171851,0.6221249601966982,1.8628823898718971
-10.216961,33.674528,1.5466134338502826,0.0,741,2.0440821243710916,0.5850792516595495,1.79513324729155
-10.20714,33.537028,1.9246368889714136,0.0,742,2.09792885532058,0.6064101793840425,1.8338364246733911
-10.184441,34.023583,1.559795769923947,0.0014381846,743,2.1516668879301797,0.5306314311943227,1.700005406233255
-10.076443,33.560035,1.2758360656561487,0.0,744,1.8425325019911452,0.5953664200750831,1.8136953976220997
-10.071092,33.996649,1.4485151853078957,0.003922942,745,2.0284899024241714,0.6124939801875916,1.8450271266718785
-10.002974,33.478651,1.2893604095886415,0.0,746,1.7375106181405535,0.5106602649080172,1.6663910913550815
-10.002351,33.932955,1.5653337440009654,0.062317837,747,2.553184059752762,0.7282686333703322,2.07149099072432
-9.996945,33.836118,1.4442622299254462,0.00031513572,748,2.144001952324852,0.5672582824551655,1.7634256026102273
-9.952077,33.91917,3.08136092067022,0.4295288,749,2.9400190013971854,0.9040154429096301,2.469499362649513
-9.949785,33.908869,3.538413909612508,0.38831565,750,2.4761625424727454,0.7122757047478239,2.0386252930582343
-9.919753,33.91935,1.8989287976885112,0.39432922,751,2.557480013552644,0.7864216532497575,2.1955259997701813
-9.904199,33.900847,1.2740928801246998,0.24619716,752,2.3639318267913882,0.6623685586941123,1.939380435054863
-9.873128,33.896288,1.6762252624104517,0.004175279,753,2.0937168855686776,0.6647134585563784,1.943933424035283
-9.834715,33.411655,1.7196131143381908,0.00080718263,754,1.711680447036361,0.5292580121730477,1.6976721890812312
-9.821687,33.400393,1.158255203394033,0.00028328763,755,1.6768355866747076,0.5370707255511996,1.7109875621722035
-9.81436,33.878212,2.0437062303876927,0.0013259709,756,2.304697866343368,0.6407580017067351,1.8979189600132147
-9.792642,33.881055,1.4855344497801988,0.0048540947,757,2.230365641006877,0.7128778813263578,2.0398532751560423
-9.776848,33.461158,1.7551503152540004,0.0015551663,758,1.612393622522339,0.522660526577978,1.6865086872823831
-9.776431,33.307894,1.4640674980161972,0.0,759,1.9676609065986705,0.566653075351788,1.762358687794028
-9.759542,33.824057,1.8465142132874723,0.003515202,760,2.053785596681437,0.5263475434569121,1.6927383506586542
-9.757697,33.85199,1.4536041409906078,0.00856703,761,1.5053541436755096,0.42077154644195713,1.5231362727578073
-9.748276,33.877764,2.3686696410081263,0.008974983,762,1.9236082163974366,0.5087341121264171,1.6631844567447231
-9.715316,33.886667,1.414593034988866,0.0042642895,763,1.8951234518055204,0.508901157693906,1.6634623075423647
-9.70895,33.263961,1.970578822960516,0.11575934,764,2.2085694734047756,0.6661926611380831,1.946811023126088
-9.70643,33.572901,1.7876295223540193,0.0,765,2.370760416772486,0.6240954083832623,1.8665567219504426
-9.693834,33.384991,1.279675806725319,0.0043878555,766,1.8962174886867396,0.5162995131903746,1.6758148308844416
-9.692803,33.258806,2.066184063131248,0.11049756,767,2.4804228497524967,0.7540022149896812,2.125489683215693
-9.686698,33.490198,1.3831991972306492,0.0,768,2.4285114991107157,0.704314113446142,2.0224590316348556
-9.678125,33.40707,1.261331548811807,0.0,769,1.6905037376572745,0.5246942672583523,1.6899420987583982
-9.673118,33.238482,1.499160944777617,0.09402608,770,2.1119232701632153,0.6423085843556151,1.9008641229908074
-9.667378,33.41101,1.2908975418509,0.0,771,1.946406145581832,0.5730437406467064,1.7736573969778253
-9.651637,33.813854,1.8269493407911963,0.0,772,1.6935154215125985,0.3720583370197077,1.450717609366428
-9.645417,33.802678,2.552812257469902,0.0019149034,773,1.942000604761948,0.48406789986373977,1.6226618204282957
-9.624898,33.254616,1.3802408863559117,0.0,774,1.9455460170620873,0.5798182354193786,1.7857138217258397
-9.591378,33.05745,1.4099321876591018,0.0,775,2.288508930514669,0.6590578943580423,1.9329704139832835
-9.550397,33.291558,1.2428009945822895,0.0,776,1.889162707935382,0.4653879442023719,1.5926319213768954
-9.51923,33.139193,1.8041216829767424,0.0035574157,777,1.9389484384449256,0.5926706782318277,1.808812727214146
-9.507538,33.259649,1.791724692861472,0.0,778,2.0005645948395205,0.6127905928387516,1.8455744662292886
-9.429667,33.022118,1.5347016593208014,0.00044785178,779,2.23161500410908,0.6519212540605256,1.9192246072135182
